"node","mean","sd_total","sd_between","sd_within","se"
"1",0.434,0.495835719996543,0.102240213343331,0.485180378828328,0.0191309842356092
"2",0.594,0.491269815626842,0.0954022394998529,0.481917466423914,0.0183537836878769
"3",0.514,0.5000181402605,0.103474777015745,0.489194349017966,0.0193308388413411
"4",0.618,0.485991517520667,0.0747512882968636,0.480208288141719,0.0162938158629018
"5",0.506666666666667,0.500150544229859,0.0987449588253701,0.49030602688525,0.0188488197119912
"6",0.691333333333333,0.462105994457309,0.0867163646098962,0.453896708758967,0.0169629804566084
"7",0.647333333333333,0.477996574907794,0.0969114891779807,0.468069320602076,0.0182728211821037
"8",0.668666666666667,0.470850053884069,0.0860864934454964,0.462913478836908,0.0170609772971565
"9",0.681333333333333,0.466158129137039,0.0962234738309721,0.456118892882595,0.017996539517871
"10",0.712666666666667,0.452722677948931,0.0961598253853479,0.44239248536917,0.0177597385801955
"11",0.692,0.461821298301222,0.0845315221162645,0.454019089172838,0.0167431713497794
"12",0.757333333333333,0.428810515321029,0.0703215807313324,0.423005122112408,0.0147713026920429
"13",0.726,0.446157695599217,0.0814522382760683,0.438659574410752,0.0161545914180802
"14",0.606,0.488752403129259,0.0757995925536049,0.482838827491466,0.016441830398349
"15",0.766666666666667,0.423097314891599,0.0782460796435952,0.415799096787005,0.015417789687601
"16",0.746,0.43541936414879,0.0728088853564459,0.42928881756795,0.0151288444699594
"17",0.682666666666667,0.465637348791492,0.0962423245459793,0.45558265502053,0.0179894989104934
"18",0.773333333333333,0.418862513229177,0.0885765487511347,0.409389789809174,0.0163905287622632
"19",0.73,0.444082278744361,0.073847916282242,0.437899024382968,0.0153917943015627
"20",0.779333333333333,0.414803179838987,0.0666292411956862,0.409416929574514,0.0141611180276985
"21",0.650666666666667,0.476932754806912,0.0909112347716703,0.468187996428785,0.0176473903307976
"22",0.698666666666667,0.459042679285811,0.0971148418986861,0.448652302890433,0.0179671489928906
"23",0.725333333333333,0.446532622794746,0.091239884662838,0.43711173247428,0.0171426984119635
"24",0.788,0.408841069864762,0.068927646181799,0.402988833592198,0.0142578776411474
"25",0.744666666666667,0.436190476190476,0.0787112752571556,0.429029913487005,0.01570415257705
"26",0.701333333333333,0.457802104014288,0.076771593385968,0.451319054427008,0.0159270255733141
"27",0.744,0.436515786365203,0.0640436359179217,0.431792131058967,0.0143641234444724
"28",0.742,0.437701686585635,0.0856640064173096,0.429237049244872,0.0164193809121698
"29",0.775333333333333,0.417487355030038,0.0721581784767911,0.411204193666466,0.0147262344252594
"30",0.763333333333333,0.425177033956541,0.0774450284156695,0.418064322536351,0.015377684059851
"31",0.726666666666667,0.445831282975767,0.0846494706411009,0.437721372564786,0.0164634137082716
"32",0.692666666666667,0.461569834389273,0.0914211306496026,0.452425561710309,0.0174245723575729
"33",0.759333333333333,0.427622229280771,0.0756798364276996,0.420872110424691,0.0152524634640885
"34",0.746666666666667,0.435069259740303,0.0805311167870846,0.427551166528639,0.0158610176875939
"35",0.737333333333333,0.440217427210639,0.0769721803854353,0.433435885301006,0.0156121355204919
"36",0.698666666666667,0.459010075524608,0.0890768986749708,0.450283861087154,0.0171424691314113
"37",0.616,0.486517543083383,0.0881248341533635,0.478469783093283,0.0175482748472144
"38",0.624,0.484544810589679,0.0893514044063537,0.476235235991626,0.0176316042771994
"39",0.750666666666667,0.432773054853006,0.0794653335047739,0.425414830227835,0.0157145358325453
"40",0.739333333333333,0.439205632137826,0.095402239499853,0.42871902220452,0.0174517930128993
"41",0.720666666666667,0.448799860954461,0.0758593997213075,0.442342250600897,0.0156696335300474
"42",0.708,0.454834449461816,0.0831794497558021,0.447163902339573,0.0164827218910368
"43",0.766666666666667,0.423109105542227,0.0813714642411194,0.415210789840534,0.0157276710668875
"44",0.736,0.44091741093464,0.0721676053732291,0.434971263418631,0.0151755263051881
"45",0.752666666666667,0.431608288017867,0.0794225188969508,0.424237878763528,0.0156889743241525
"46",0.801333333333333,0.39913284690496,0.0737588151463361,0.392258418222817,0.0145390864229361
"47",0.67,0.470361466637152,0.0836388955726205,0.46286547121647,0.0168148424518871
"48",0.748,0.43429720118476,0.0768306439241856,0.427447202717612,0.0154876197113536
"49",0.658,0.474552420708187,0.0905538513813742,0.465832587954085,0.0175689119374726
"50",0.652666666666667,0.476288561326843,0.0888551523280338,0.467926869879852,0.0174320145787896
"51",0.799333333333333,0.400658188643367,0.0798212288268514,0.392626483512709,0.0151723083872871
"52",0.725333333333333,0.446503168370706,0.0837228989555654,0.438583578757294,0.016383757604027
"53",0.752666666666667,0.431629302614273,0.0849409558834521,0.423188951756646,0.0162385932986969
"54",0.692666666666667,0.461529548143479,0.080612732855379,0.45443493605918,0.0163597777503953
"55",0.746666666666667,0.435141179164864,0.0980536203903524,0.423949682548924,0.0176667051725931
"56",0.78,0.414339350660384,0.062087641954311,0.409661106552992,0.0137469628336741
"57",0.748,0.434313908859216,0.0814160391358572,0.426614580154031,0.0159343892855911
"58",0.627333333333333,0.483698899988764,0.0944467119909195,0.474388495269905,0.0181227276574897
"59",0.798666666666667,0.40114462080741,0.0770663936157863,0.393672170438523,0.0149031238006461
"60",0.778666666666667,0.415258846139432,0.068927646181799,0.409498338078299,0.0143809944286151
"61",0.77,0.420966386321638,0.0750661084306403,0.414219480200748,0.0150692932111496
"62",0.742,0.437683035893896,0.0807588723599619,0.430167925866683,0.0159311918028757
"63",0.736666666666667,0.440580939925742,0.0783184962066597,0.433564041149376,0.0157478333582741
"64",0.791333333333333,0.406471459784137,0.068614404522203,0.400638379478441,0.0141833048887111
"65",0.799333333333333,0.400663848224888,0.0812292185179883,0.392343387013638,0.0153161986485905
"66",0.835333333333333,0.371005864473761,0.0684820846526108,0.364630711207319,0.013506774426353
"67",0.818666666666667,0.385380219824785,0.057601335333476,0.381051177665153,0.0127733424225608
"68",0.818,0.38597639536347,0.071336448530109,0.379326889224701,0.0140607149072764
"69",0.742666666666667,0.437333706653234,0.0859889778308245,0.42879676615696,0.0164456639861569
"70",0.839333333333333,0.367364826976908,0.0721204585691029,0.36021598459196,0.0138032936137741
"71",0.822,0.38264978985752,0.0724091423801357,0.375736314158983,0.0141060340465722
"72",0.814666666666667,0.388691624733955,0.0693866880003314,0.382448253580359,0.0139212557100363
"73",0.761333333333333,0.426442330479151,0.0860733221157715,0.417665469538056,0.0162624915648619
"74",0.739333333333333,0.43919737142401,0.093481417994188,0.429133493863571,0.0172495182707939
"75",0.783333333333333,0.412087215302626,0.0684290850628568,0.406366009077203,0.0142737410141729
"76",0.741333333333333,0.438051757676679,0.0809691859307897,0.430503581092345,0.0159585631233345
"77",0.767333333333333,0.422655464561096,0.0723715532744463,0.41641325627314,0.0148442862565743
"78",0.804666666666667,0.396627506213081,0.0822059798874249,0.388014890894094,0.0153468834932505
"79",0.809333333333333,0.392928420662304,0.06318816158247,0.387814388593306,0.0134209367016655
"80",0.739333333333333,0.439179816891243,0.0892625366742103,0.430012919702549,0.0168116056087564
"81",0.789333333333333,0.407921561087423,0.0754247233265651,0.400887903423278,0.014863327975878
"82",0.816666666666667,0.387109762540249,0.0811621930907586,0.378505834389203,0.0150750503434364
"83",0.722666666666667,0.447816572426348,0.0775006400383197,0.441059330853949,0.0158055646218626
"84",0.844,0.362965862977601,0.0633315431182716,0.357398004098139,0.012859752821512
"85",0.724,0.447185200084488,0.0867764871964678,0.438684903369656,0.0167002835574571
"86",0.724666666666667,0.446826045278505,0.0801953397461898,0.439570497442927,0.0160449576239687
"87",0.754,0.430854237706512,0.0869983188515342,0.421979462375441,0.0164342709230125
"88",0.762666666666667,0.425600283020382,0.0804296850693997,0.417931413830866,0.0156787476939869
"89",0.668666666666667,0.470879911608536,0.093897710543716,0.461422920010603,0.0178403010526104
"90",0.803333333333333,0.397637011285122,0.0794681869918031,0.389615194775563,0.0150832309163284
"91",0.802,0.398613242387659,0.0694683405598266,0.392513269414763,0.0141148190889516
"92",0.836,0.370375797390322,0.060922611777979,0.365330900235207,0.0127753305356372
"93",0.830666666666667,0.375134140785355,0.0574752238842461,0.370705033985542,0.0125571828857311
"94",0.822666666666667,0.382068602784317,0.0671546764335398,0.376120548051641,0.0135833030757979
"95",0.784666666666667,0.41115290588556,0.0639621486707962,0.406147209217982,0.0138489530153752
"96",0.735333333333333,0.441300901042328,0.0800821573600365,0.433973885543051,0.015931685224869
"97",0.497333333333333,0.50017230591158,0.094722413403096,0.491121166312347,0.0184457776203157
"98",0.752,0.431952798294731,0.0660378507556561,0.42687494916219,0.0144465025570208
"99",0.523333333333333,0.499680623622312,0.106106095024558,0.488284980541305,0.0195989340571205
"100",0.800666666666667,0.399596168031763,0.0622663432816553,0.394715087119811,0.0134688016089051
"101",0.822,0.382646234255048,0.0714634835315076,0.375913701680467,0.0140124229516729
"102",0.820666666666667,0.383712619221286,0.0558951074652223,0.379619692733545,0.0125920345792509
"103",0.721333333333333,0.448475371375239,0.0770075238542231,0.44181444068749,0.0157713825626198
"104",0.811333333333333,0.391372953991006,0.0711454707239691,0.384852063929909,0.0141412269917233
"105",0.806,0.395534025758695,0.0644847008521473,0.390242090104193,0.0135901235758084
"106",0.796,0.403099105542159,0.0724185366080015,0.396540596212348,0.0144816614557349
"107",0.705333333333333,0.456041331619322,0.0823024674303554,0.448553229840116,0.0164197215638947
"108",0.672,0.46959624670629,0.0723308096992287,0.463992337101475,0.0157531218036568
"109",0.828666666666667,0.376948001610789,0.0746905938338707,0.369474100731176,0.0142330988738409
"110",0.817333333333333,0.38653410817164,0.0738448456189719,0.379414754003525,0.0143189243611441
"111",0.771333333333333,0.42012415830326,0.0793996749994777,0.412553026894725,0.0154774944505602
"112",0.842,0.364899886869867,0.0761339075713717,0.35686910143014,0.0141714904419199
"113",0.82,0.384333802384501,0.0749905511810649,0.376946798486058,0.014394359355481
"114",0.745333333333333,0.435876368500037,0.0939821954479916,0.42562372532033,0.017245968560648
"115",0.702666666666667,0.457289658968521,0.0968529755155367,0.44691535365585,0.0179099283326265
"116",0.551333333333333,0.497604237647011,0.110699691818485,0.485134574685783,0.0200497416212243
"117",0.838666666666667,0.36793719270791,0.0603692342542494,0.362950869035099,0.0126771886122717
"118",0.783333333333333,0.412091617402959,0.0697419929327467,0.406147209217982,0.0143961551094379
"119",0.815333333333333,0.388148696288985,0.0687464697094016,0.382012216209552,0.0138495642833629
"120",0.819333333333333,0.38488329061196,0.0737987703380033,0.377741828354882,0.0142846454626621
"121",0.796666666666667,0.402629677987567,0.0780284267055902,0.394996483809948,0.0150260947121269
"122",0.761333333333333,0.426383834828637,0.0701019665507732,0.420581607882333,0.0147041368400746
"123",0.800666666666667,0.399666527661916,0.0817856276425687,0.391208952408357,0.0153560218613874
"124",0.833333333333333,0.37279236802792,0.065291948575248,0.367030122893355,0.0132313332050275
"125",0.802,0.398597313832023,0.0647373903182343,0.393305083731305,0.0136727656320963
"126",0.810666666666667,0.391954229360817,0.0842305442253514,0.382796725865482,0.0154785199712009
"127",0.778666666666667,0.415293792682196,0.0787544765311544,0.407758098223281,0.0153261148344376
"128",0.786666666666667,0.409821597157347,0.081092316028221,0.401718530538209,0.015463002928332
"129",0.792666666666667,0.405524212127112,0.0719945828146016,0.399082280572148,0.0144859303073965
"130",0.816,0.387617877616112,0.071978832867395,0.380876182855619,0.0141538036841747
"131",0.829333333333333,0.376313421742063,0.0600981811972705,0.371483512420134,0.0128154526905763
"132",0.765333333333333,0.423937915276601,0.0790992373060805,0.416493297264994,0.0155170303632015
"133",0.823333333333333,0.381528136342343,0.0735402152927643,0.374373550822645,0.0141986021263771
"134",0.800666666666667,0.399623405487156,0.0704665373054374,0.393361580906592,0.0142290622724032
"135",0.83,0.375764677651481,0.0703892642814023,0.369113051035106,0.0137812408784975
"136",0.752,0.431981145133172,0.0747361193021465,0.425467063616236,0.0152443836231044
"137",0.742666666666667,0.437325410580301,0.0838528026783053,0.429211162741863,0.0162308553426784
"138",0.784,0.411643462399264,0.0729178085430514,0.405133722779693,0.0146888514961737
"139",0.828,0.377535870260474,0.0765941686205071,0.369684550213647,0.0144376052184718
"140",0.832,0.374038449767884,0.0802377419802878,0.365330900235207,0.0147560049654262
"141",0.706,0.455817523261745,0.101393913148585,0.444397219713275,0.0183650148851264
"142",0.823333333333333,0.381511494464011,0.0690886577549853,0.375203648406806,0.0137592406934235
"143",0.646,0.478396793533874,0.0947343822199901,0.468923116180989,0.0180578142665345
"144",0.806666666666667,0.395038389018315,0.0706304617818635,0.388672955923958,0.0141592497591326
"145",0.796666666666667,0.402566595665336,0.0595714095390324,0.398134538957764,0.0132909416808372
"146",0.679333333333333,0.466828931944755,0.0669687035579742,0.462000481000231,0.0152312980871957
"147",0.816,0.387609687496675,0.0697387414819917,0.381284379142101,0.0139351483590366
"148",0.792,0.405995878133294,0.0695172860605511,0.4,0.0142590226835908
"149",0.8,0.400111095683298,0.0666666666666667,0.394517990013693,0.0138799082076162
"150",0.856,0.351196206571489,0.061145527311522,0.345832329315812,0.0124301586288114
"151",0.835333333333333,0.371009531632758,0.0694683405598266,0.364447831962576,0.0136038654415158
"152",0.803333333333333,0.397640432843794,0.0803196561592048,0.389444048184931,0.0151702358063996
"153",0.833333333333333,0.372808182639657,0.0696606611348943,0.366242178528543,0.0136555621055024
"154",0.765333333333333,0.423917589218682,0.0734507408939385,0.417505821649365,0.0149702249203136
"155",0.85,0.357165713554332,0.0580288457473997,0.352420203734122,0.0122534459959438
"156",0.813333333333333,0.389755432357465,0.0659828879073858,0.384129607757011,0.0136178265630879
"157",0.778,0.415790371044185,0.0910034760493314,0.405709255502016,0.0165941551877328
"158",0.827333333333333,0.378171996526602,0.0897691673201915,0.367362975210561,0.0158474110944842
"159",0.864666666666667,0.342171271643781,0.056105666424958,0.337540121072049,0.011786113509352
"160",0.788666666666667,0.408350478607145,0.0626728901237416,0.403512356963479,0.0136786684760396
"161",0.866666666666667,0.34001733982728,0.0530263272650478,0.335857112474933,0.0114645465529344
"162",0.846,0.361064186729694,0.0645549915868286,0.355246393366632,0.0129414169281746
"163",0.785333333333333,0.41072139400336,0.0732033480021929,0.404145188432738,0.0146990983418539
"164",0.78,0.41441705635584,0.0841120082507414,0.405791407827552,0.015851636395566
"165",0.725333333333333,0.44647777506626,0.0766533558394624,0.439848458752178,0.0157000801592477
"166",0.821333333333333,0.383226545314927,0.0767124973927706,0.375470075742099,0.0145492725010532
"167",0.826666666666667,0.378629824786277,0.059856214714174,0.373868663808265,0.0128390230930305
"168",0.705333333333333,0.456013485896775,0.0741879698824779,0.449938267370585,0.0156537554749214
"169",0.762666666666667,0.425526751066271,0.0577899865001069,0.421584313433663,0.0136118529114349
"170",0.820666666666667,0.383752802142118,0.0683096856377442,0.377624151769984,0.0137255575371354
"171",0.829333333333333,0.376325473065543,0.0637597531554897,0.370884827885363,0.0131533199669393
"172",0.744,0.436644596212252,0.0986162768919371,0.425362590425314,0.0177517780400378
"173",0.845333333333333,0.361700443577767,0.0641568373070449,0.355965041979,0.0129149552666251
"174",0.815333333333333,0.388180241932478,0.0771399176394689,0.380438343668633,0.0146799259792878
"175",0.827333333333333,0.378119226778888,0.0778655157868542,0.370015014710364,0.0145785748634471
"176",0.838666666666667,0.367982795614796,0.0729551161988783,0.360678373192639,0.0138987375512225
"177",0.845333333333333,0.361714235562573,0.0679335409528648,0.355277669185979,0.0132833530358882
"178",0.823333333333333,0.381498418193182,0.0653787153225999,0.375854581808798,0.0134039287569895
"179",0.710666666666667,0.453609359743784,0.0842305442253514,0.445720390678581,0.0165632163559624
"180",0.788666666666667,0.408362695043203,0.0665338813659215,0.402906109823782,0.0140270228350321
"181",0.83,0.375732089625844,0.0610750254208603,0.370735005690647,0.0128931301177334
"182",0.831333333333333,0.374573983258635,0.0661236387452099,0.368691379521319,0.0133442472339343
"183",0.81,0.392391354462212,0.0595714095390324,0.387843038125248,0.0130865021365842
"184",0.842,0.364868814371248,0.0682831240791867,0.358422469533743,0.0133752063582106
"185",0.794666666666667,0.404063262598081,0.0691247516633298,0.398106630048896,0.0141853405003052
"186",0.822666666666667,0.382074537729161,0.0688222924386273,0.375825018385477,0.0137438394087359
"187",0.834,0.372221376111672,0.0723715532744462,0.365117941371156,0.0139149886288561
"188",0.832666666666667,0.373392852398412,0.0668331255192114,0.367362975210561,0.0133904332903646
"189",0.848,0.359124660169627,0.0610416013674745,0.353898918399653,0.0125705146372935
"190",0.847333333333333,0.359793339523584,0.0677095303400209,0.353364778474973,0.0132263394188176
"191",0.799333333333333,0.400635549517782,0.0739215739346135,0.393756834155859,0.0145825561827265
"192",0.804666666666667,0.396609210953492,0.077667235991023,0.388930156540563,0.0148824875398621
"193",0.786666666666667,0.409807210909445,0.0773717943298663,0.402437020607642,0.015089674003332
"194",0.755333333333333,0.430052467399681,0.083736439996097,0.421821447218291,0.0160890661595576
"195",0.763333333333333,0.425199432999539,0.0833673400000552,0.416946572649835,0.0159655430183252
"196",0.814666666666667,0.388684624035285,0.0673973562398253,0.382796725865482,0.0137308762084307
"197",0.793333333333333,0.405040800274023,0.0715871256112996,0.398664437006028,0.0144377936895259
"198",0.751333333333333,0.432380952380952,0.0780168014929653,0.425284218689886,0.0155663163298718
"199",0.701333333333333,0.457800122740211,0.0761785704983666,0.451417520459472,0.0158718412263777
"200",0.848,0.359105717163864,0.0551888121693349,0.3548395568579,0.0120356487367314
"201",0.816,0.387663505114008,0.0833646199772156,0.378593889720018,0.0153149845848589
"202",0.826666666666667,0.378658570383888,0.0683461909257492,0.372439405959025,0.0136344457296677
"203",0.799333333333333,0.40060951294173,0.0664929710025336,0.395052739095259,0.0138733827273423
"204",0.826,0.379247374979144,0.0723088613419644,0.372290209379726,0.0140346509957116
"205",0.736666666666667,0.440590204034493,0.0808823226260145,0.43310250262239,0.015996588827604
"206",0.810666666666667,0.391879013214196,0.0643967295404837,0.386551707048646,0.0135112394074348
"207",0.798666666666667,0.401158187198594,0.0805198529060886,0.392994204085053,0.0152522751484271
"208",0.822,0.382671122778577,0.0778422149661673,0.374670225368627,0.0146551490542391
"209",0.852,0.355239371885871,0.0703602650181481,0.348201729525349,0.0134104797639052
"210",0.835333333333333,0.370987528135038,0.0633208007650236,0.365543735033473,0.0130104557057759
"211",0.798666666666667,0.401148012448219,0.0779441046308957,0.393502788356632,0.0149911740221995
"212",0.856,0.351196206571489,0.061145527311522,0.345832329315812,0.0124301586288114
"213",0.762,0.425998626678506,0.0770811040310105,0.41896698358383,0.0153574787707817
"214",0.725333333333333,0.446457459382805,0.0704890593141461,0.440857749796412,0.0151309127295823
"215",0.792,0.406000346279579,0.070810020173109,0.399777716015065,0.0143815620600292
"216",0.780666666666667,0.41396046345771,0.0827777397312305,0.405599693184192,0.0157072326644225
"217",0.85,0.35715301572854,0.0539799240416887,0.353050201025923,0.0118900353358275
"218",0.814666666666667,0.388668288581346,0.0625098631673217,0.383608596821755,0.0132760447260338
"219",0.805333333333333,0.396073700739185,0.071701067522738,0.389529630879774,0.0142820312712709
"220",0.816666666666667,0.387048837643376,0.0650309537321317,0.381546560432377,0.0134771046860246
"221",0.83,0.375764677651481,0.0703892642814023,0.369113051035106,0.0137812408784975
"222",0.802666666666667,0.398116882528479,0.0721676053732291,0.391521249600694,0.014365091642545
"223",0.815333333333333,0.388183746845734,0.0780168014929652,0.380263066836631,0.0147693068999143
"224",0.654,0.475883710713499,0.0952119011597236,0.466261729074991,0.0180620999826242
"225",0.822,0.382628455747076,0.0665338813659215,0.376799386647295,0.013534659184632
"226",0.823333333333333,0.381509116993561,0.0684290850628567,0.375322083904833,0.0136953241933846
"227",0.77,0.420968540952475,0.0756678503908129,0.414112169452781,0.0151274055138763
"228",0.827333333333333,0.378074846517407,0.0662195893494172,0.37223051400383,0.0134190555048587
"229",0.862,0.344989401394927,0.0555369583385388,0.340489843216113,0.0117888067130995
"230",0.808,0.39408782703796,0.0919824492773306,0.383202876351998,0.01634355272875
"231",0.826666666666667,0.378657372694223,0.0680136040813605,0.37249906785864,0.0136022318207868
"232",0.868,0.338608597517732,0.0631594462155781,0.332665998663324,0.0123919365194851
"233",0.824,0.38096071419457,0.0731661669206431,0.373868663808265,0.0141510050817026
"234",0.836666666666667,0.369776545872708,0.0629040229220138,0.364386851817924,0.0129482369654708
"235",0.813333333333333,0.389757759526492,0.0666666666666667,0.384013888637724,0.0136821051011897
"236",0.786666666666667,0.409748554056046,0.059856214714174,0.40535306969494,0.0134609089417813
"237",0.819333333333333,0.384873863956053,0.0712982938927584,0.378212168556809,0.0140368050924463
"238",0.844666666666667,0.362341841328495,0.0658487237671977,0.356308231108342,0.0130903829383411
"239",0.838666666666667,0.367958146096688,0.0664486230190949,0.361908521283732,0.0132524302881092
"240",0.8,0.400111095683298,0.0666666666666667,0.394517990013693,0.0138799082076162
"241",0.834,0.37220188119193,0.0671715575268995,0.366090456338624,0.0134010637995623
"242",0.731333333333333,0.443370925724475,0.0681501610008696,0.438101966822033,0.0148608359268395
"243",0.829333333333333,0.376371264575533,0.0760832578923857,0.368600958580776,0.0143649232649591
"244",0.686,0.464271794663135,0.0849409558834521,0.456435464587638,0.0168281968320073
"245",0.876,0.329673789155638,0.0551394850519243,0.325029913153304,0.0114558668753376
"246",0.847333333333333,0.359746698490521,0.0539126697884534,0.355684004575847,0.0119361744296536
"247",0.761333333333333,0.426456155551435,0.0894325776271885,0.416973220562984,0.0166094801222667
"248",0.824666666666667,0.38036144643217,0.0645268844812895,0.374848117390379,0.0133021972053984
"249",0.71,0.453951159629313,0.0926432212302082,0.444397219713275,0.0174159291471183
"250",0.754666666666667,0.430392954447555,0.0682665178569807,0.424944440812888,0.014614771102947
"251",0.854,0.353189548462093,0.0542481072744215,0.348998567332303,0.0118345740462909
"252",0.750666666666667,0.432758383620819,0.0753645712129002,0.42614551505325,0.0153187153034696
"253",0.823333333333333,0.381486530285298,0.0618131189797484,0.37644536271697,0.0130725402135226
"254",0.632,0.482416442073409,0.0864938098266113,0.474599246148205,0.0173143450852004
"255",0.787333333333333,0.409302265656082,0.0666292411956862,0.403842653627485,0.0140540044674884
"256",0.782,0.413027097440295,0.0759549932376564,0.405983031938802,0.0150088207876612
"257",0.770666666666667,0.420493177675519,0.0612196521142408,0.416012820315272,0.0137961840331865
"258",0.773333333333333,0.418780217713659,0.0663256584627815,0.413494592198952,0.0142115109891811
"259",0.83,0.375738124658645,0.0629040229220138,0.370435179514881,0.0130621515638484
"260",0.782,0.412984272182725,0.0632491384505689,0.408112185012351,0.0138219429651486
"261",0.841333333333333,0.365484799029994,0.0661750581563437,0.359444015112229,0.0131801403548385
"262",0.842666666666667,0.364206963165369,0.0579467266482905,0.359567641604315,0.0123834185577984
"263",0.828666666666667,0.376946798486058,0.0743863786814047,0.369534241384416,0.014202242911023
"264",0.534,0.499032169880824,0.0972385149937304,0.489466830109843,0.0186768598667505
"265",0.851333333333333,0.355869475932155,0.0625279982639251,0.350333174754166,0.0126497918386071
"266",0.85,0.357175871489947,0.0610750254208603,0.351915393872511,0.0125365919438314
"267",0.741333333333333,0.438095238095238,0.0919824492773306,0.428330090778907,0.0170741480200988
"268",0.801333333333333,0.399106712296916,0.0663119816591589,0.393559257150545,0.0138276837355557
"269",0.842666666666667,0.364199491819071,0.0555492059863531,0.359938266311816,0.0121690039068387
"270",0.820666666666667,0.383731529355245,0.0620474545917493,0.37868192457523,0.0131376456196041
"271",0.784,0.411644564115127,0.0732281249018708,0.405078867492355,0.0147186873778022
"272",0.800666666666667,0.399629079723366,0.0720575481780577,0.393079013826878,0.0143823924434035
"273",0.858,0.349249925131104,0.0835195198985341,0.339116499156263,0.0147029544904519
"274",0.826,0.37919236288797,0.0560571460932316,0.375025925029783,0.0125144330884512
"275",0.578666666666667,0.493950707649358,0.0937406079951564,0.484974226119286,0.018235844695161
"276",0.666666666666667,0.471568040937424,0.0878051853075513,0.463321342770508,0.0172425671652738
"277",0.792,0.406008165417258,0.0730172532650772,0.399388421353338,0.0145935302866808
"278",0.762666666666667,0.425616266546764,0.0845529795406782,0.417133072292284,0.0160929837812671
"279",0.816666666666667,0.38708281617241,0.0744595036719614,0.379853773034952,0.0143901683914431
"280",0.813333333333333,0.389742632679427,0.062087641954311,0.384765440813549,0.0132587255030501
"281",0.810666666666667,0.391898686523528,0.0701278392095432,0.385573166424567,0.0140523801455519
"282",0.805333333333333,0.396061105251413,0.0681335223715045,0.390156663690654,0.013940050892893
"283",0.813333333333333,0.389774049320641,0.0712696645099798,0.383202876351998,0.0141238662512641
"284",0.814,0.389231465566246,0.0696899515167261,0.382941829060818,0.0139605426044633
"285",0.836666666666667,0.369791263054297,0.067090489540978,0.363654292487308,0.013348619355571
"286",0.833333333333333,0.372774119565303,0.059856214714174,0.36793719270791,0.0127242752504824
"287",0.784666666666667,0.411214671028326,0.0814299637864808,0.403071540382928,0.01552185205304
"288",0.827333333333333,0.378066449665679,0.0637775328477445,0.3726481808176,0.0131882239782573
"289",0.849333333333333,0.357839320913503,0.0643262658695935,0.352010100865176,0.0128594236660093
"290",0.827333333333333,0.378068848785203,0.0644847008521473,0.372528895225294,0.0132545860515648
"291",0.632,0.482455924226101,0.0968810664840344,0.472628583327096,0.0183476794004091
"292",0.852666666666667,0.354533963204881,0.0583561665710724,0.349698282650757,0.0122325291523601
"293",0.709333333333333,0.454288709184498,0.0996683843958182,0.443220537029191,0.0181559549438859
"294",0.757333333333333,0.428854932684681,0.0827640418377159,0.420792902348253,0.015970039977118
"295",0.75,0.433235991159877,0.0983422687050638,0.421926797231726,0.0176665083636428
"296",0.843333333333333,0.363617501056852,0.0690886577549853,0.356993619613074,0.0134323421476179
"297",0.881333333333333,0.32349003846898,0.0551888121693349,0.318747549010184,0.011342373345406
"298",0.833333333333333,0.372787501858566,0.063887656499994,0.367272227222382,0.0130980372188794
"299",0.708666666666667,0.454492316003387,0.0724717475642153,0.448677067734814,0.0154677241799702
"300",0.877333333333333,0.328118390226051,0.0458925097263114,0.324893144826965,0.0106062632133076
"301",0.772666666666667,0.419226152444506,0.0698849070025665,0.413360214179675,0.0145461031086081
"302",0.618,0.486029776156418,0.0862969613189237,0.478307200215278,0.0173626561670764
"303",0.780666666666667,0.413928691263661,0.0744107616628614,0.407185461430047,0.0148752331866857
"304",0.827333333333333,0.378065250100209,0.0634209919681348,0.372707809297191,0.0131549174019395
"305",0.704666666666667,0.456335596760485,0.0808150094947541,0.449122601425392,0.0162817501905298
"306",0.823333333333333,0.381496040641241,0.0646813224152673,0.375972812255827,0.0133383097289271
"307",0.666666666666667,0.471619970766079,0.100790526135794,0.460724067817893,0.0185657134063228
"308",0.838,0.368573889495906,0.0673468700611207,0.362368750185651,0.0133511332433367
"309",0.815333333333333,0.38813000136447,0.0632491384505689,0.382941829060818,0.013333117912092
"310",0.848,0.359120871648411,0.0599167979429555,0.354087245997053,0.0124653775995725
"311",0.848666666666667,0.35849268723744,0.0653648403828591,0.352483254133362,0.0129723119294582
"312",0.773333333333333,0.418794295724666,0.0706304617818635,0.412795348811006,0.0146073010043055
"313",0.73,0.444121084181967,0.0847164136888438,0.435966359558472,0.0164392373934163
"314",0.838666666666667,0.36794089045146,0.0614857614916913,0.362767142944341,0.0127805833457474
"315",0.817333333333333,0.386512988461492,0.0680935730732171,0.380467548623474,0.0137563947886521
"316",0.748666666666667,0.433894978776789,0.0706978496210676,0.428096562315871,0.01490441198433
"317",0.832666666666667,0.373420786647218,0.0742276940696222,0.365969033298356,0.0141238769545319
"318",0.854666666666667,0.352535358706502,0.0590015181018421,0.347562943939655,0.0122538531123795
"319",0.838,0.368562815206356,0.0642451371056468,0.362920254479012,0.013052055786039
"320",0.826,0.379235416507724,0.0691017849938944,0.372886637524656,0.013718506845978
"321",0.831333333333333,0.374595776090511,0.0720323686374346,0.367604860323328,0.0139234382075432
"322",0.863333333333333,0.343618202934238,0.0650309537321317,0.337408423789988,0.012667943604331
"323",0.727333333333333,0.445512774960563,0.0900214134263812,0.436323019995253,0.0169998710590459
"324",0.836,0.370356205322473,0.0546437649058326,0.366302849808431,0.0122135446416481
"325",0.814,0.389208161781429,0.0628463194144699,0.384100681245599,0.0133172351798137
"326",0.839333333333333,0.367327789876317,0.0619743198956682,0.362061995919054,0.0128144028000998
"327",0.858666666666667,0.348498561210133,0.068200052533212,0.341760149812701,0.0130725517775729
"328",0.814,0.3892442820532,0.0731816613336672,0.38230296304836,0.0143020330075185
"329",0.746666666666667,0.435141179164864,0.0980536203903524,0.423949682548924,0.0176667051725931
"330",0.872,0.334167663323195,0.0510035346247462,0.330252428706689,0.0111686311603287
"331",0.866,0.340762117703359,0.061164066933946,0.335227948980657,0.0122368043294204
"332",0.770666666666667,0.420560041253707,0.080991587144645,0.412687667747791,0.0156439600007451
"333",0.832666666666667,0.373411070623782,0.0717421687399413,0.366454484061648,0.0138731647952488
"334",0.84,0.366701297065938,0.0590936840285279,0.361908521283732,0.0125363387143052
"335",0.832,0.374022687174912,0.0764756567614657,0.366120805806559,0.0143643128796651
"336",0.866666666666667,0.340050683163821,0.0628138378965377,0.334198876253181,0.0123842974724087
"337",0.839333333333333,0.367350012584771,0.0682432623571211,0.360955522036842,0.0134164867384169
"338",0.837333333333333,0.369186149115067,0.0678934739833205,0.362889637340182,0.01341577686096
"339",0.806666666666667,0.395040685065656,0.0712696645099799,0.388558589890608,0.0142210813034436
"340",0.801333333333333,0.399179430440842,0.0854387104457364,0.389928768423727,0.0157276326195512
"341",0.835333333333333,0.37102908920193,0.0745082137948729,0.363470921960906,0.0141104058245014
"342",0.829333333333333,0.376379699246034,0.078141681892442,0.368178700572909,0.0145771334407682
"343",0.79,0.407453237304073,0.0768572018646142,0.400138864784603,0.0149960438219519
"344",0.791333333333333,0.406500467878559,0.0767272756582167,0.399193631657064,0.0149659123890151
"345",0.770666666666667,0.42049964880904,0.0634031122936886,0.415692193816531,0.0139856745625844
"346",0.822666666666667,0.382075724707067,0.0691509899454147,0.375765884561119,0.0137757221785992
"347",0.759333333333333,0.427599957151552,0.0691017849938944,0.421979462375441,0.0146359914217643
"348",0.709333333333333,0.454207839986016,0.0791221679450043,0.447263283139187,0.0160800905522734
"349",0.853333333333333,0.353895073935777,0.0656383273909058,0.347754702819866,0.0129147211613622
"350",0.776666666666667,0.416615234920969,0.0750661084306403,0.409796697562747,0.0149884611703126
"351",0.826666666666667,0.378657372694223,0.0680136040813605,0.37249906785864,0.0136022318207868
"352",0.850666666666667,0.35654934811569,0.0687563643724954,0.349857113690718,0.0132721043107138
"353",0.786666666666667,0.409791717462274,0.0731537690273201,0.403209347334332,0.0146770114002557
"354",0.817333333333333,0.386562265990265,0.0808795190307129,0.378006466728929,0.0150362625420032
"355",0.826666666666667,0.378656175000769,0.0676793828740567,0.372558720203943,0.0135699414389892
"356",0.498,0.500158704971462,0.0902025938457866,0.491957541076689,0.0180021750596506
"357",0.786666666666667,0.409783970519018,0.0709507829797683,0.403594956471075,0.0144662664395979
"358",0.819333333333333,0.384873863956053,0.0712982938927584,0.378212168556809,0.0140368050924463
"359",0.791333333333333,0.406474806977607,0.069598785403951,0.400471943808524,0.014275795498417
"360",0.789333333333333,0.407910443241179,0.0723558853837051,0.401441845795323,0.0145651817712734
"361",0.526666666666667,0.499493621131462,0.101239483930806,0.489126205027337,0.0190914891621323
"362",0.845333333333333,0.361723012006378,0.0702312345317586,0.3548395568579,0.0135125595953483
"363",0.785333333333333,0.410748997842995,0.0805761565650951,0.402768199119819,0.0154271996254733
"364",0.828,0.377480608743448,0.0614857614916913,0.372439405959025,0.0129647233444581
"365",0.827333333333333,0.378084442691032,0.0689046138149592,0.371752605908822,0.0136780937792189
"366",0.854,0.353222932309465,0.0642027683581682,0.347339091442994,0.0127620350621161
"367",0.832666666666667,0.373485148918381,0.0889571733184416,0.362736512881979,0.0156839437710884
"368",0.763333333333333,0.425156767138888,0.0716662711585353,0.41907305117631,0.0148257401136286
"369",0.800666666666667,0.399610921883886,0.0668331255192114,0.393982515122464,0.0138857774292553
"370",0.793333333333333,0.40504415929014,0.0725311724367992,0.398497176903425,0.0145286642940017
"371",0.592666666666667,0.49153007441962,0.0971918643889567,0.481825233415141,0.0185390274944075
"372",0.745333333333333,0.43579104189915,0.0715110634765453,0.429883705204094,0.0150158797275061
"373",0.844,0.362998347728354,0.0720418119964855,0.355777708376702,0.013718077077343
"374",0.790666666666667,0.406982145947683,0.0779673750015085,0.399444058105206,0.0150979668055963
"375",0.784,0.411652276043607,0.0753645712129002,0.404694672287365,0.01492586872069
"376",0.877333333333333,0.328197164346079,0.0684920175099627,0.320970749792286,0.0127477296305335
"377",0.776666666666667,0.416589108427922,0.067427629802411,0.411096095821889,0.0142687200505892
"378",0.846,0.36108051501292,0.0689704001711839,0.354432253360529,0.013374844677364
"379",0.815333333333333,0.388195429661372,0.0808711076616474,0.379678226338508,0.0150634134508796
"380",0.804666666666667,0.396564612722179,0.0652954214588746,0.391152144312159,0.0136846571484214
"381",0.769333333333333,0.421385254701465,0.0727933115962719,0.41505019776729,0.0148600729711359
"382",0.818,0.385983445182107,0.0732188345470365,0.378975226396426,0.014246687432406
"383",0.890666666666667,0.312166011999415,0.0583367345947183,0.306666666666667,0.0114350246331081
"384",0.776,0.41714611870871,0.0966654937766049,0.405791407827552,0.0172238825913112
"385",0.850666666666667,0.356560795527256,0.0716631070149033,0.34928498393146,0.0135663315407638
"386",0.829333333333333,0.376332703674389,0.0658590537890304,0.370525152842407,0.0133519371345754
"387",0.793333333333333,0.40502848364326,0.0680136040813605,0.399277124591708,0.0140995917772183
"388",0.845333333333333,0.361706712726963,0.0659003576838331,0.35565276448931,0.0130836947680336
"389",0.828666666666667,0.376913109434379,0.0652954214588746,0.371214223865412,0.0133092639892861
"390",0.740666666666667,0.438448098061649,0.0886507581247886,0.429392335490257,0.016736118332532
"391",0.858,0.349172004083051,0.0652259286534694,0.343025752191678,0.012787997490561
"392",0.858666666666667,0.348468629129694,0.0600679886903675,0.343252417649493,0.0122764576916255
"393",0.558666666666667,0.496802474241724,0.112799864910422,0.483827333755431,0.0202616744060171
"394",0.789333333333333,0.407946019282608,0.0817717635568217,0.399666527661916,0.0154990746560156
"395",0.788666666666667,0.408360473900194,0.0658487237671977,0.403016404408334,0.01396433206125
"396",0.786,0.410280585368305,0.0794225188969508,0.402519840780827,0.0153027299843376
"397",0.798666666666667,0.401136706867337,0.0749784549552936,0.394067112163511,0.014695621799556
"398",0.834,0.372246961644437,0.078676697158288,0.363837570596795,0.0145620158414483
"399",0.816666666666667,0.38708867423803,0.0759669339692563,0.379561150101886,0.0145417999428623
"400",0.78,0.41442690533307,0.0865042958313569,0.405298244095218,0.0160987879996194
"401",0.824666666666667,0.3803674080141,0.0662606685030886,0.374551583749006,0.0134660851673918
"402",0.860666666666667,0.346406233938658,0.0623391353842313,0.340750805004348,0.0124551500760319
"403",0.836666666666667,0.369848899710111,0.0814411017927956,0.360770779797305,0.0148129481061286
"404",0.792666666666667,0.405524212127112,0.0719945828146016,0.399082280572148,0.0144859303073965
"405",0.772666666666667,0.41922074345866,0.0682432623571211,0.413628926562068,0.0143945168867217
"406",0.818666666666667,0.385406108515064,0.0656935785180211,0.37976600983003,0.0135078152681407
"407",0.829333333333333,0.376318242317767,0.0615889379589514,0.371244154462023,0.0129516573093837
"408",0.834,0.37217141833549,0.0581225540777159,0.367604860323328,0.0125560150819927
"409",0.760666666666667,0.426814387693234,0.0766918030369689,0.419867704031745,0.0153348811207375
"410",0.824666666666667,0.380344753505651,0.0594036883193379,0.375677166372051,0.012832180352836
"411",0.797333333333333,0.402145042143547,0.0799205955139324,0.394123500102865,0.0152086024111878
"412",0.809333333333333,0.392923803868204,0.0617360337929214,0.388043525622807,0.0132895426014141
"413",0.809333333333333,0.39295727439651,0.0715997947779524,0.386379203489123,0.0142146592703035
"414",0.850666666666667,0.356530268279632,0.0636173367320561,0.35080858978461,0.0127666657785829
"415",0.861333333333333,0.345714285714286,0.0633028927919385,0.33986925590749,0.0125360493028689
"416",0.802,0.398639409347354,0.0766089697121872,0.391208952408357,0.0148124378289627
"417",0.810666666666667,0.391931087468528,0.078662285131064,0.383956015999518,0.0149008920378042
"418",0.808,0.394031433993605,0.0789844842537727,0.386033965114758,0.0149706086451032
"419",0.859333333333333,0.347797736200399,0.064695343946413,0.341727636836381,0.0127106885108064
"420",0.764666666666667,0.424361331511885,0.0809271669416788,0.416573322877658,0.0157058274494856
"421",0.812,0.39084187290324,0.0711932632039267,0.384303121102196,0.0141360841031642
"422",0.842,0.364876272012241,0.0702473763036814,0.358050275799363,0.0135705764143491
"423",0.812666666666667,0.390283343784198,0.0638486021063085,0.385025251697138,0.0134299109992667
"424",0.871333333333333,0.334922741285786,0.0555369583385388,0.330286071291069,0.011593662094259
"425",0.835333333333333,0.370992417913978,0.0647373903182343,0.365300485141266,0.0131446398606912
"426",0.836,0.370416202757528,0.0721676053732291,0.363318042491699,0.0138622965379522
"427",0.843333333333333,0.363619995508755,0.0697419929327467,0.35686910143014,0.0134975040384632
"428",0.774666666666667,0.417972647175444,0.0845315221162645,0.409335504880233,0.0159566684595988
"429",0.84,0.366749526815647,0.0725311724367991,0.35950583367234,0.0138339575850187
"430",0.796,0.403127231312709,0.0798638296885205,0.395137107006332,0.0152201680259854
"431",0.842,0.364850169601856,0.063105569684221,0.359351267332304,0.0128738163491752
"432",0.861333333333333,0.345727403660345,0.0667890033991876,0.339214779552228,0.0128812472459869
"433",0.805333333333333,0.396089730780706,0.0759997613076572,0.38873012632302,0.0147057816901094
"434",0.735333333333333,0.441297818000877,0.0792281358209881,0.434127477437983,0.0158488609861347
"435",0.81,0.392428337406972,0.0707106781186548,0.386005181312376,0.0141185457230316
"436",0.784,0.411650072650212,0.0747603882163443,0.404804479553607,0.014866968667809
"437",0.861333333333333,0.345694607861855,0.0576800149703875,0.340848614164379,0.0119996472611296
"438",0.842,0.364866328457044,0.0676156940818313,0.358546448253996,0.0133094457220073
"439",0.78,0.414361241062962,0.0690065559342355,0.408574758561188,0.0143710467303876
"440",0.812,0.390879002451939,0.0807448319780063,0.382448253580359,0.0150965449336675
"441",0.846666666666667,0.360489714786872,0.0808122035641769,0.351314990033477,0.0145908781908232
"442",0.817333333333333,0.386508295035849,0.066748249401658,0.38070110760718,0.0136282353291224
"443",0.79,0.407432088855896,0.0710306375722681,0.401192666378083,0.0144295091109213
"444",0.816666666666667,0.387087502631999,0.0756678503908129,0.379619692733545,0.0145116003848439
"445",0.812,0.390865079284504,0.0773014243341068,0.38314488121336,0.0147437061401908
"446",0.789333333333333,0.407958247830325,0.0847672550478348,0.399054437946058,0.0158073626367543
"447",0.778666666666667,0.415269767249961,0.0721424642453548,0.408955308615067,0.0146828811629102
"448",0.706,0.455825482776357,0.10316752112446,0.443996996986841,0.018555133266068
"449",0.743333333333333,0.436928051799126,0.0765615961467311,0.430167925866683,0.0155111741352377
"450",0.774,0.418389092958428,0.0791937833974245,0.410825726772043,0.0154256807011711
"451",0.82,0.384279518448902,0.0594761714133181,0.379648960664103,0.0129165470698874
"452",0.793333333333333,0.405003849258044,0.0602338601936834,0.400499687890016,0.0133976002183218
"453",0.836,0.370358654387633,0.0554675039183278,0.366181497196252,0.0122851728685919
"454",0.654666666666667,0.475674959049419,0.0970681318570736,0.465665592936009,0.0182484905514787
"455",0.836666666666667,0.369782678102887,0.0646813224152673,0.364081797891017,0.013116548317226
"456",0.83,0.37576709146688,0.0710306375722681,0.368992622630257,0.013844760736424
"457",0.775333333333333,0.417493872753659,0.0740196701196773,0.410879814814773,0.0149039048386879
"458",0.832666666666667,0.373366130726524,0.0588976590397514,0.368691379521319,0.0126491464941109
"459",0.829333333333333,0.376336318926716,0.0668839994898264,0.370345184328831,0.0134501459022621
"460",0.847333333333333,0.359771910610597,0.0617543961364442,0.354432253360529,0.0126499113432342
"461",0.782666666666667,0.412570065512412,0.0756648535849189,0.405572297980137,0.0149720626708481
"462",0.833333333333333,0.372785068750068,0.0631738055305791,0.367393219558796,0.0130308779170666
"463",0.844,0.363008342451441,0.0745173433981659,0.355277669185979,0.0139715724773753
"464",0.792,0.405982473399386,0.0654861464292232,0.400666112035112,0.0138849173459987
"465",0.852,0.355217668249673,0.0646497628513415,0.34928498393146,0.0128423194971947
"466",0.781333333333333,0.413448524655346,0.0663803374980062,0.408084958474744,0.0141120234675686
"467",0.856666666666667,0.350538296774645,0.0664110746713398,0.344189870081423,0.0129300577940635
"468",0.856,0.351165212973496,0.0514814542923412,0.347371079203014,0.011552110074161
"469",0.787333333333333,0.409407513941373,0.0935299193038712,0.398580815728337,0.0167591177336662
"470",0.754666666666667,0.430441422953349,0.0821369908188204,0.422532050066422,0.0159358692087266
"471",0.856,0.351179418712122,0.0561177899529761,0.346666666666667,0.0119625517972816
"472",0.855333333333333,0.351858041875773,0.0573844100914347,0.347147102985335,0.0120913254513961
"473",0.573333333333333,0.494794673281234,0.0998865569685859,0.484607515876967,0.0188708624133539
"474",0.765333333333333,0.423962519200784,0.0854387104457364,0.415264306730598,0.0161542077433581
"475",0.714666666666667,0.451720821614714,0.0816940811962185,0.44427218884123,0.0162807752651731
"476",0.621333333333333,0.485274310532285,0.103182905648855,0.474177650722221,0.0190481111047555
"477",0.818666666666667,0.385407285232394,0.0660378507556561,0.379707489757284,0.0135402538073348
"478",0.799333333333333,0.400626493509338,0.071425396754847,0.39420806688854,0.0143398656211188
"479",0.814666666666667,0.388668288581346,0.0625098631673217,0.383608596821755,0.0132760447260338
"480",0.843333333333333,0.363587566299161,0.060702613257057,0.358484464253489,0.0126241918235898
"481",0.802666666666667,0.398110047571427,0.0702570595866971,0.391861653591616,0.0141806720153082
"482",0.784,0.411699646149296,0.0873494818117951,0.402326567189723,0.016140314450682
"483",0.825333333333333,0.379787504734996,0.0633744943223395,0.37446257786623,0.013183626666958
"484",0.83,0.375730882607651,0.060702613257057,0.370794941832934,0.0128590592340177
"485",0.774666666666667,0.417929243542145,0.0730172532650772,0.411501316320292,0.0148161828544473
"486",0.797333333333333,0.402114592031571,0.071852709005181,0.395642936665541,0.0144087401039515
"487",0.781333333333333,0.413512140389412,0.0838852471765897,0.404914257041606,0.0158126024923557
"488",0.854,0.353230635826181,0.0662880404627413,0.34695500829038,0.0129666471387037
"489",0.854,0.353190832514571,0.0546645096637667,0.348934887272046,0.0118715855177803
"490",0.622666666666667,0.484898474541058,0.0931777128276953,0.475861791326478,0.0180167890124454
"491",0.775333333333333,0.417496045305587,0.074629850009709,0.410771631607312,0.0149626594941649
"492",0.748,0.434294068424243,0.0759400646828556,0.427603138955322,0.0154024077590818
"493",0.832666666666667,0.373387994054855,0.0654619032031231,0.367604860323328,0.0132587369047127
"494",0.818666666666667,0.385411992065787,0.0673973562398253,0.379473319220205,0.0136692381851498
"495",0.768,0.422256115121344,0.0788120413926751,0.414835978296108,0.0154580944264014
"496",0.820666666666667,0.383766983344931,0.0721833141314686,0.376917320730511,0.0141038905232264
"497",0.8,0.400200629956634,0.0895947034391752,0.390042732701602,0.0161853773483752
"498",0.851333333333333,0.355892414123762,0.0687464697094016,0.349189537834875,0.013259352579934
"499",0.812666666666667,0.390284505796544,0.0642027683581683,0.384967531098403,0.0134625372533209
"500",0.850666666666667,0.356503554793636,0.0556307880628961,0.35213633723318,0.0120234087627696
"501",0.694666666666667,0.460736864218489,0.0931582419858094,0.451220566907139,0.0175869978771553
"502",0.804,0.397083471636269,0.0675586584798789,0.391294149088778,0.0139053054905706
"503",0.845333333333333,0.361692920455299,0.0619999268524183,0.356339413730474,0.0127095110230865
"504",0.852666666666667,0.354590242904133,0.0734908635782602,0.346890953086605,0.0137200715308555
"505",0.806,0.395531732575179,0.0637775328477445,0.390355962907931,0.0135254079091201
"506",0.814666666666667,0.388672955923958,0.0639444203108363,0.383376809128797,0.0134075711060193
"507",0.822,0.382647419459543,0.0717800874364259,0.375854581808798,0.0140436959816637
"508",0.628666666666667,0.483308702163846,0.0843838546206259,0.47588514020367,0.0171286449023405
"509",0.832,0.374010561651349,0.0734507408939385,0.366727267719335,0.0140555855807088
"510",0.828666666666667,0.376933563860564,0.0709539788890053,0.37019514373428,0.0138582937393674
"511",0.666,0.471744963574172,0.0704665373054374,0.466452331731526,0.0156320986898185
"512",0.684666666666667,0.464774589990819,0.0765497481744926,0.458427263102398,0.0160406041848575
"513",0.841333333333333,0.365495966581441,0.069190328712195,0.358887168898527,0.0134763755666239
"514",0.836666666666667,0.369776545872708,0.0629040229220138,0.364386851817924,0.0129482369654708
"515",0.797333333333333,0.402102185769306,0.0682930858742764,0.396260296045695,0.0140698398372585
"516",0.719333333333333,0.44950262258384,0.0893640925824456,0.440529983845216,0.0170028408990808
"517",0.806666666666667,0.395032648841578,0.0690065559342355,0.388958723888395,0.0140034765146857
"518",0.837333333333333,0.369152980351635,0.0581810451401953,0.364539283053128,0.012501730794762
"519",0.823333333333333,0.381497229419064,0.0650309537321317,0.375913701680467,0.01337115949623
"520",0.782666666666667,0.412546980764456,0.0690853755555129,0.406721307804524,0.0143435443246921
"521",0.814666666666667,0.388660120596909,0.0599167979429556,0.384013888637724,0.0130426824168133
"522",0.834666666666667,0.371625100631673,0.0731413690324811,0.364356357918392,0.013982020633035
"523",0.846666666666667,0.3604242901557,0.0645936188869073,0.354588963919259,0.0129332491756852
"524",0.871333333333333,0.334918678998276,0.0542982441680013,0.330487854878545,0.0114795819265935
"525",0.735333333333333,0.441278291571481,0.0735895339102905,0.435098967030618,0.0153139086268034
"526",0.782666666666667,0.412573363228107,0.0765586343255672,0.405407887880287,0.0150597098300827
"527",0.751333333333333,0.432428149301581,0.0901523024759954,0.422926313518876,0.0167866970330352
"528",0.597333333333333,0.490613018362587,0.0935177963346684,0.481617644564187,0.0181534735426278
"529",0.844666666666667,0.362326821562499,0.0615778916064352,0.357055862420559,0.0126818503100482
"530",0.816,0.387617877616112,0.071978832867395,0.380876182855619,0.0141538036841748
"531",0.816,0.387602667256559,0.0677597463096981,0.381633914169646,0.0137449612838811
"532",0.782,0.413001842056364,0.0687464697094016,0.407240032958996,0.014320771798792
"533",0.836666666666667,0.369792489459658,0.0674276298024109,0.363593179253957,0.0133814438140566
"534",0.819333333333333,0.384920994927012,0.0830512231633842,0.375854581808798,0.0152357438662004
"535",0.818666666666667,0.385429642179081,0.0722680824220586,0.378593889720018,0.0141424563034426
"536",0.827333333333333,0.378074846517407,0.0662195893494172,0.37223051400383,0.0134190555048587
"537",0.796,0.403097980470518,0.0721047361171341,0.396596632472956,0.0144513362243666
"538",0.851333333333333,0.355850359642996,0.0568285004029658,0.351283361405006,0.012118425468173
"539",0.858666666666667,0.348486848963095,0.0651389583907108,0.342344855372474,0.0127669499622215
"540",0.847333333333333,0.359821069163632,0.0747148775356693,0.351978534699048,0.0139369598943239
"541",0.805333333333333,0.396057670048864,0.0671276578541185,0.390327497821452,0.0138453175965726
"542",0.838,0.368571428571429,0.0666700679404459,0.362491379207837,0.0132852534482287
"543",0.754,0.430836343230844,0.0824483621808454,0.422873766297015,0.0159740246444311
"544",0.785333333333333,0.410764455182923,0.0844241531892583,0.401995024844836,0.0158203061338206
"545",0.827333333333333,0.378074846517407,0.0662195893494172,0.37223051400383,0.0134190555048587
"546",0.878666666666667,0.32662779166157,0.0608928280500792,0.320901507908233,0.0119503381546541
"547",0.825333333333333,0.379794669432978,0.0654861464292232,0.374106342575952,0.013381794019738
"548",0.852,0.355178087616484,0.0526658916674228,0.35125172992852,0.011735662518765
"549",0.704666666666667,0.456392240897038,0.0954782685915629,0.446293376354364,0.0177512585652409
"550",0.822,0.382639122950984,0.0695335935711699,0.376268225841324,0.0138232990954981
"551",0.808,0.394010716154325,0.0736357401145818,0.387068756453194,0.0144335001273401
"552",0.764,0.424767243186611,0.0784891343925201,0.417452592118754,0.0154721899591338
"553",0.821333333333333,0.383212344112598,0.0730793374980986,0.376179626124424,0.0141828252518305
"554",0.857333333333333,0.349855817402714,0.0656521445318632,0.343640639169597,0.0128425078375907
"555",0.849333333333333,0.35779496022176,0.0505031374611918,0.354212742100939,0.011604127813538
"556",0.822666666666667,0.382075724707067,0.0691509899454147,0.375765884561119,0.0137757221785992
"557",0.832,0.374034812305388,0.0793853942254275,0.365513337649941,0.0146665429803072
"558",0.842666666666667,0.3641920203195,0.0530434297738831,0.360308509783244,0.0119507429472684
"559",0.841333333333333,0.36549348493283,0.0685317345428801,0.3590109871423,0.0134111110171768
"560",0.858666666666667,0.348484246188073,0.0644389707582372,0.342474654374435,0.0126980396770609
"561",0.804,0.397112023469038,0.0754848275064166,0.389871773792358,0.014672849655292
"562",0.791333333333333,0.406458070734616,0.0645268844812895,0.4013034318872,0.0138071481262496
"563",0.773333333333333,0.418782383592309,0.067005939426049,0.413387093278066,0.0142731161381554
"564",0.856666666666667,0.350508538879817,0.0580288457473997,0.345671648951558,0.0121246112529338
"565",0.828,0.377486615821961,0.0633028927919386,0.37214095298541,0.0131328234071154
"566",0.803333333333333,0.397594809640495,0.0680969030765481,0.391719854544602,0.013965674364979
"567",0.822666666666667,0.382108958591431,0.0777926775491891,0.374106342575952,0.0146402772278788
"568",0.806666666666667,0.395042981099652,0.0719031850978167,0.388444190185526,0.0142826451729646
"569",0.792,0.406007048406809,0.0727060368913993,0.399444058105206,0.0145634379999862
"570",0.845333333333333,0.361724265766681,0.0705533682950558,0.354776925217335,0.0135449867724803
"571",0.815333333333333,0.388163885252169,0.0729084786462,0.381255236758206,0.0142554070048446
"572",0.848666666666667,0.358461059343633,0.0560247758603645,0.354055865020699,0.012097350146807
"573",0.789333333333333,0.40791266683467,0.0729799773739734,0.401331118487798,0.0146252972526336
"574",0.822666666666667,0.382108958591431,0.0777926775491891,0.374106342575952,0.0146402772278788
"575",0.830666666666667,0.375167989583551,0.067625754194578,0.369022733415948,0.0135000013997368
"576",0.826,0.37917920664021,0.0514153422138372,0.37567716637205,0.012122691004402
"577",0.84,0.366744580466552,0.0712696645099798,0.359753001686188,0.0137065233764359
"578",0.848666666666667,0.358539491400074,0.0771399176394688,0.350142828000232,0.0141684392648525
"579",0.825333333333333,0.379791087100882,0.0644389707582372,0.374284502603152,0.0132830799003925
"580",0.724666666666667,0.446824015335201,0.0796278190657072,0.439671594614789,0.0159901802822011
"581",0.723333333333333,0.447471100170199,0.0735402152927643,0.441386703721603,0.0154286988040989
"582",0.794666666666667,0.404124989084715,0.0852793196400901,0.395024612454015,0.0157949636528598
"583",0.838666666666667,0.367960611122805,0.0671276578541185,0.36178569469907,0.0133184724438973
"584",0.720666666666667,0.448853414552125,0.0903231788855493,0.439671594614789,0.0170891663621691
"585",0.831333333333333,0.374536448186833,0.0544650338226008,0.370555139096884,0.0122828961945741
"586",0.854,0.353221648373678,0.0638486021063085,0.347403064017704,0.0127276132514252
"587",0.828,0.377515448468271,0.0713841131483562,0.370705033985542,0.0139114574008032
"588",0.829333333333333,0.376320652582463,0.0623209453294586,0.371124417592447,0.0130192252748529
"589",0.811333333333333,0.391384541608928,0.0742643436903887,0.384274207652123,0.0144481244222123
"590",0.844,0.362973359716585,0.0654445811147028,0.357024742373224,0.0130628343679064
"591",0.852,0.355190856044588,0.0568085458743114,0.350618501128125,0.012103709069646
"592",0.783333333333333,0.412110325804778,0.0750661084306403,0.405215991787096,0.0149052030970758
"593",0.833333333333333,0.372806966154879,0.0693343798979097,0.366302849808431,0.0136233981285289
"594",0.859333333333333,0.34778208831448,0.0603429353053847,0.342507096439053,0.0122895404402607
"595",0.784,0.411645665828041,0.073537131780937,0.405024004775574,0.0147484629020892
"596",0.859333333333333,0.347761223371332,0.0539967245164316,0.343543624918615,0.0117044609722767
"597",0.816666666666667,0.387091017439456,0.0765615961467311,0.37944403774177,0.0146020116859249
"598",0.859333333333333,0.347830333701769,0.0729333557188837,0.340098025084926,0.0135460916370537
"599",0.822,0.382633196763305,0.0678834535458099,0.376563407675255,0.0136636963754123
"600",0.791333333333333,0.406490426849368,0.0740196701196773,0.399694327649962,0.0146997256775839
"601",0.836,0.370372123956544,0.059795570104161,0.365513337649941,0.0126718929425836
"602",0.816666666666667,0.387054696223261,0.066751646518458,0.381255236758206,0.01363889108257
"603",0.824,0.380926189575831,0.0635460088289992,0.375588427226754,0.0132214352173412
"604",0.838666666666667,0.367944588157848,0.062582372022654,0.362583323756991,0.0128831483032713
"605",0.808666666666667,0.39345668537376,0.0645268844812895,0.38812941713357,0.013553745093031
"606",0.846,0.361060418559471,0.0634924603162202,0.355434007001769,0.01283931744924
"607",0.838,0.368587424286835,0.0709539788890053,0.361693547388148,0.0137078137286164
"608",0.829333333333333,0.376372469540035,0.0763807148790988,0.36854066562894,0.0143954305339226
"609",0.814,0.389243116935461,0.0728711471134677,0.382361085886103,0.0142713260876248
"610",0.856666666666667,0.350515008202297,0.0599508491048294,0.345350063944784,0.012304194296211
"611",0.790666666666667,0.406969888070258,0.0746997011471527,0.400055551698067,0.0147748842068483
"612",0.837333333333333,0.3691603514455,0.0604743156814764,0.364173340899938,0.0127105338974282
"613",0.844666666666667,0.36231305289669,0.0573844100914347,0.357739818552223,0.012295443422234
"614",0.798666666666667,0.401118617275135,0.0699724597589406,0.39496835316263,0.0142099578639182
"615",0.876,0.329673789155638,0.0551394850519243,0.325029913153304,0.0114558668753376
"616",0.860666666666667,0.346385286119242,0.0562187176809208,0.341792659696229,0.011878230753577
"617",0.822,0.382640308177506,0.069858944372525,0.376209161681814,0.0138549990159663
"618",0.823333333333333,0.381504362008212,0.067090489540978,0.375558842852148,0.0135665878306445
"619",0.818666666666667,0.385434348739456,0.0735124590301063,0.378359029964339,0.0142659969749786
"620",0.81,0.392409846370277,0.0653787153225999,0.386925200925335,0.0136123082448231
"621",0.876666666666667,0.328923207132723,0.0584183054589776,0.323693956968272,0.0117518432641786
"622",0.857333333333333,0.349810444296301,0.0521814382163913,0.345896580561943,0.0115853792708562
"623",0.726666666666667,0.445823145029496,0.0824786098842323,0.438127328017273,0.0162488397167022
"624",0.836666666666667,0.369810885052006,0.0722963164318523,0.362675244996585,0.0138644883166015
"625",0.838,0.368535743319842,0.0559437683341005,0.364264860903284,0.0122903768684141
"626",0.555333333333333,0.497105453801853,0.0937043161557308,0.488193950529227,0.0182893101623093
"627",0.756666666666667,0.429213275984305,0.0713491622084367,0.423241459846898,0.0148740136203763
"628",0.828,0.377504636483969,0.0684655266880436,0.371244154462023,0.0136246852578291
"629",0.884,0.320344202637203,0.0618094504365255,0.314324672910034,0.0119279013213546
"630",0.781333333333333,0.413470462221005,0.0728929261643903,0.406994403455925,0.0147206386860684
"631",0.812,0.390894085323689,0.0843166475386338,0.38169213888799,0.0154697080440779
"632",0.836,0.370375797390322,0.060922611777979,0.365330900235207,0.0127753305356372
"633",0.516,0.49993741104861,0.0983399628804065,0.490170038524048,0.0188040618953505
"634",0.762666666666667,0.425615200997013,0.0842843691041432,0.417186342590987,0.0160657003313052
"635",0.800666666666667,0.39966198870473,0.0806689716879872,0.391436102349058,0.015241319103414
"636",0.842666666666667,0.364231866546174,0.0653058390016525,0.358329457343378,0.0130727599287295
"637",0.827333333333333,0.378074846517407,0.0662195893494172,0.37223051400383,0.0134190555048587
"638",0.777333333333333,0.416168682005369,0.0742124180524882,0.409498338078299,0.0148977264190392
"639",0.735333333333333,0.441283430189303,0.0751144251841702,0.434843522303011,0.0154564807337966
"640",0.830666666666667,0.375182495276505,0.0715364265074816,0.368299395118217,0.0138844818404878
"641",0.787333333333333,0.409328857251336,0.074349789215993,0.402519840780827,0.0147842023100358
"642",0.816,0.387605007350726,0.0684257712254707,0.38151743807532,0.0138086480291535
"643",0.85,0.357240621539607,0.0777372748443548,0.348680050731007,0.0142096280688971
"644",0.745333333333333,0.435862842226267,0.0907914307642894,0.426301927433284,0.0169120440384979
"645",0.860666666666667,0.346403615530508,0.0616073441450588,0.340881210981186,0.0123845049848115
"646",0.816666666666667,0.387065241443593,0.0697419929327467,0.380730292405996,0.0139253706809429
"647",0.837333333333333,0.369193519546705,0.0698686814893571,0.362522029981934,0.0136105645686004
"648",0.827333333333333,0.378089240686511,0.0702086298162859,0.37151342132179,0.013805790409405
"649",0.816666666666667,0.387103904793759,0.0797530201164011,0.378799272555913,0.014928835976492
"650",0.852,0.355198516881135,0.0591550482029316,0.350238014308365,0.012319260218682
"651",0.81,0.392426026075034,0.0700663760455341,0.386120303647566,0.0140562631462162
"652",0.833333333333333,0.372831295096287,0.0755928946018455,0.365087508535815,0.0142528935148262
"653",0.853333333333333,0.353914295837546,0.0706304617818635,0.346794848097065,0.0134145823791933
"654",0.841333333333333,0.365499689022764,0.0701666303100719,0.358701361395056,0.0135736840231082
"655",0.840666666666667,0.366093553338376,0.0625570034832812,0.360709178024501,0.012845556213605
"656",0.758666666666667,0.428045179551133,0.0809691859307897,0.420317340430616,0.0157765002197469
"657",0.778666666666667,0.415293792682196,0.0787544765311544,0.407758098223281,0.0153261148344376
"658",0.826,0.379252158262132,0.0735525480473861,0.372051370407666,0.0141591323168739
"659",0.817333333333333,0.386527068396477,0.071978832867395,0.37976600983003,0.0141339023545232
"660",0.823333333333333,0.381466319991663,0.0552257785940153,0.377447568102732,0.0124890155818656
"661",0.798666666666667,0.40110278821272,0.0652780551931192,0.395755255457489,0.0137709587397077
"662",0.868666666666667,0.337865783976211,0.0584803783206477,0.332766184179422,0.0119256578515713
"663",0.810666666666667,0.391859338917166,0.0581030439720748,0.38752777678223,0.0129475014151355
"664",0.777333333333333,0.416217717317051,0.0868809491184799,0.4070490005993,0.0161686500875558
"665",0.854,0.353231919729299,0.0666292411956862,0.346890953086605,0.0130004360645511
"666",0.856,0.351231071100098,0.0704504457482169,0.344093010681705,0.0133491063167458
"667",0.772666666666667,0.419259686599196,0.0793082336101829,0.411690282723419,0.0154527832755119
"668",0.794666666666667,0.404132844506692,0.0871207361983183,0.3946306289853,0.0159882042686776
"669",0.752666666666667,0.431641910881028,0.0880862286255314,0.422558345741219,0.0165596108198962
"670",0.858,0.349170705251594,0.0648773480868676,0.343090529031495,0.0127536457520885
"671",0.798,0.401624817872434,0.0729706554259175,0.394940220511634,0.0145079121947627
"672",0.843333333333333,0.363627478761792,0.0716662711585353,0.356495285928003,0.0136911290389544
"673",0.852,0.355230435255088,0.0680669271817358,0.348648183066477,0.0131794980388599
"674",0.858666666666667,0.348484246188073,0.0644389707582372,0.342474654374435,0.0126980396770609
"675",0.848,0.359096876752533,0.0522335588601984,0.355277669185979,0.0117777349932907
"676",0.769333333333333,0.42135511869968,0.0634746007731491,0.416546649381688,0.0140090889404089
"677",0.774666666666667,0.417910795632963,0.0675318015285175,0.412418342085908,0.0143039671750999
"678",0.774666666666667,0.417929243542145,0.0730172532650772,0.411501316320292,0.0148161828544473
"679",0.850666666666667,0.356526452189892,0.0625388767976457,0.350998575495685,0.0126631574086227
"680",0.767333333333333,0.422643661255073,0.0688387645894672,0.416999866773227,0.0145155584160585
"681",0.844666666666667,0.362316808039256,0.0585578768681947,0.35755341481301,0.0124020211455973
"682",0.829333333333333,0.376362829716002,0.0739675727198004,0.369022733415948,0.0141495307860849
"683",0.807333333333333,0.39454327911266,0.0768690024484185,0.386982629526902,0.0147652940297624
"684",0.797333333333333,0.402161957876192,0.0840688628217673,0.39327683210007,0.0156352993266523
"685",0.806,0.395566128932037,0.0736757620512486,0.388644367570719,0.0144657752841989
"686",0.780666666666667,0.413929786897157,0.0747148775356694,0.407130882586369,0.0149046959783521
"687",0.795333333333333,0.403575853325933,0.0690098418824735,0.397631878891911,0.0141652593672085
"688",0.843333333333333,0.363606275811521,0.066068747264341,0.35755341481301,0.0131351138910638
"689",0.782666666666667,0.412573363228107,0.0765586343255672,0.405407887880287,0.0150597098300827
"690",0.840666666666667,0.366067537726129,0.0544150506057497,0.362000613873022,0.012107143247335
"691",0.847333333333333,0.359824850312613,0.0756198872449488,0.351789078220964,0.0140310744650037
"692",0.823333333333333,0.381563795066061,0.0822721549674809,0.372588542795162,0.0150970956745995
"693",0.751333333333333,0.432396685260232,0.0822611294843214,0.424499705535822,0.0159834665143097
"694",0.795333333333333,0.403614058712061,0.0793996749994777,0.395727178748188,0.0151817709046229
"695",0.822,0.382659271302594,0.0748725296194137,0.3752628708282,0.0143526790291458
"696",0.862666666666667,0.344295922920505,0.0577899865001069,0.339411254969543,0.0119830568217651
"697",0.843333333333333,0.363597544825559,0.0636209010280352,0.357988205888903,0.0128992022229833
"698",0.816666666666667,0.387051181085971,0.0657246368659155,0.381430057663117,0.0135420511893775
"699",0.873333333333333,0.332674178203745,0.0499432784842929,0.328903903561174,0.0110455936840765
"700",0.846,0.361066698821329,0.0652537346565031,0.355121262544375,0.0130090380815224
"701",0.826666666666667,0.378677732903356,0.0734630886692453,0.371483512420134,0.0141398906621129
"702",0.823333333333333,0.381549531976484,0.0788954358370519,0.373303570242176,0.0147442700606734
"703",0.848,0.359144864941162,0.0667210662405219,0.352892807143095,0.0131170208442186
"704",0.77,0.420956690346397,0.0722963164318523,0.414702034933249,0.0148049653577488
"705",0.784666666666667,0.411227905209114,0.0847057063564339,0.402409410095407,0.0158573859555225
"706",0.835333333333333,0.371040089881565,0.0771986864409532,0.362920254479012,0.0143874998235128
"707",0.842,0.364870057321999,0.068614404522203,0.358360464089194,0.0134079657283849
"708",0.845333333333333,0.361697935887664,0.0634460150474151,0.356089876295297,0.0128468389046205
"709",0.828666666666667,0.376929954336599,0.0699886612131758,0.370375185153889,0.0137629977047192
"710",0.822,0.382648604660367,0.0720953010001613,0.375795452636434,0.0140748995262568
"711",0.856666666666667,0.350547353023836,0.0687596622771126,0.343737626039914,0.0131654165714429
"712",0.824,0.380983332075995,0.0788350555679043,0.37273761995985,0.0147282565821659
"713",0.866,0.340748808606712,0.0573369718826448,0.335890193697616,0.0118728843045083
"714",0.840666666666667,0.366094792130941,0.0629184405300239,0.360647565729573,0.0128796628172369
"715",0.793333333333333,0.405013927142189,0.0635317336386969,0.4,0.0136891303686331
"716",0.882666666666667,0.321925893924577,0.0591857064315785,0.316438514301488,0.011696773592391
"717",0.714666666666667,0.451696725660912,0.0747361193021465,0.44547103659435,0.0156206929059882
"718",0.808,0.393975032877227,0.0633744943223395,0.388844441904472,0.0134583256986984
"719",0.789333333333333,0.407937125563117,0.0795223837910404,0.400111095683298,0.0152709566302218
"720",0.834666666666667,0.371592149572058,0.0642274868574757,0.365999392834955,0.0131075209351062
"721",0.847333333333333,0.359756783550578,0.0571785602748272,0.355183833465933,0.0122266699802417
"722",0.801333333333333,0.399140800576447,0.0758803210934937,0.391861653591616,0.014748790898084
"723",0.815333333333333,0.388147527882583,0.0684158287502444,0.38207038327745,0.0138178518949283
"724",0.814666666666667,0.388677623210522,0.0653474925653655,0.38314488121336,0.0135378197047485
"725",0.849333333333333,0.357854529027618,0.0684257712254707,0.35125172992852,0.0132624875196119
"726",0.842666666666667,0.364228131147601,0.0642557249273638,0.3585154575933,0.0129716942843913
"727",0.738666666666667,0.43958339378405,0.0988275944462693,0.428330090778907,0.0178227096590793
"728",0.782,0.412996351551146,0.0670769686844237,0.40751278098566,0.014166774709472
"729",0.734666666666667,0.441699459699027,0.0913392420751188,0.432152236550449,0.0170692954324672
"730",0.846,0.361069210895486,0.065945074376083,0.354996087615374,0.0130763095521694
"731",0.845333333333333,0.361709220356218,0.0665849839731373,0.355527776692623,0.0131505843398963
"732",0.810666666666667,0.391875541351201,0.0633315431182716,0.386724133660618,0.0134134779523632
"733",0.825333333333333,0.379792281215335,0.0647899099112189,0.374225125351632,0.0133160659163673
"734",0.880666666666667,0.324262987805841,0.0517669643122359,0.320104149717973,0.0110411721747828
"735",0.802,0.398605278189406,0.0671445457403335,0.392909376036991,0.013895550329945
"736",0.78,0.414396263301865,0.0788235493202231,0.406830568063796,0.0153167809702135
"737",0.831333333333333,0.374580036950226,0.0678166127915686,0.368389890077227,0.0135076250127291
"738",0.862666666666667,0.344352558880076,0.0727309832077592,0.336584148303049,0.0134655799835459
"739",0.855333333333333,0.351901862221445,0.0695335935711699,0.344963766213207,0.0132676955810625
"740",0.844,0.362924628145137,0.0501426536422407,0.359444015112229,0.0116798564896598
"741",0.795333333333333,0.40361967684618,0.0808150094947541,0.395446302015555,0.0153255723235576
"742",0.78,0.414382035874299,0.0749905511810649,0.407540045748745,0.0149397985680773
"743",0.826,0.379235416507724,0.0691017849938944,0.372886637524656,0.013718506845978
"744",0.852,0.355277669185979,0.0794425019187532,0.346281837685881,0.0143583760559112
"745",0.83,0.375704327226342,0.0518370025168506,0.372111094522411,0.0120852227000478
"746",0.783333333333333,0.412092717920695,0.0700663760455341,0.406092490833198,0.0144265963339876
"747",0.794666666666667,0.404112644541665,0.0823024674303554,0.395642936665541,0.0154864288478025
"748",0.842666666666667,0.364284158104364,0.0785468937162486,0.355715241918776,0.0144134605770089
"749",0.794,0.404543358366178,0.0675754386541224,0.398859485143439,0.0140494860206771
"750",0.834,0.372232341555343,0.0751385719099194,0.364569761652158,0.014195897547554
"751",0.73,0.444115978397055,0.0833673400000552,0.43622114676949,0.0163052607103645
"752",0.84,0.366737160817821,0.0693343798979097,0.36012343562852,0.0135131189581019
"753",0.802,0.398661024236002,0.082040308659207,0.390128184062623,0.015364859633743
"754",0.824666666666667,0.380393637864635,0.0734044182374607,0.37324403693979,0.0141646830677455
"755",0.846666666666667,0.360419256999854,0.063173805530579,0.3548395568579,0.0127968486294497
"756",0.735333333333333,0.441336868267899,0.0894452542885269,0.432177946889678,0.0168679456014449
"757",0.809333333333333,0.392960736702242,0.0725436767334935,0.38620662287894,0.0143069471837045
"758",0.806666666666667,0.395023464385302,0.0663256584627815,0.389415516440273,0.0137505692866415
"759",0.634,0.481894409826699,0.0943986817233753,0.472558050519839,0.0180858037227074
"760",0.868666666666667,0.337880548872116,0.0626004861137516,0.332030788398372,0.012323664776756
"761",0.865333333333333,0.341490663145968,0.0649297544726069,0.335261092284804,0.0126194609096741
"762",0.848666666666667,0.358487626961946,0.0639621486707962,0.352735343029618,0.0128363264760542
"763",0.828666666666667,0.376909499714529,0.0642451371056468,0.371393771263511,0.0132100078875837
"764",0.808,0.394045245281298,0.0823575524157275,0.385342560443158,0.0153182218743162
"765",0.827333333333333,0.378100035953726,0.0730576140178859,0.370974692158673,0.0140888767283938
"766",0.810666666666667,0.391882485046433,0.0654445811147028,0.386379203489123,0.0136082985663713
"767",0.784666666666667,0.411166142054379,0.0680835820859909,0.405490101262931,0.0142240042817771
"768",0.742666666666667,0.437264222181509,0.0659966329107445,0.432255068731929,0.0145490231312647
"769",0.544,0.498242716944927,0.0953427995871035,0.489035331602488,0.0184727373634545
"770",0.764666666666667,0.424344231975509,0.0763124024418044,0.417425974808042,0.0152523643508723
"771",0.811333333333333,0.391370636426252,0.0705051420585006,0.384967531098403,0.0140790447521764
"772",0.712666666666667,0.452669582109173,0.0827229345479642,0.445046814016983,0.0163983573094679
"773",0.821333333333333,0.3832277287247,0.077007523854223,0.375410886008029,0.0145793940257725
"774",0.821333333333333,0.383200509375298,0.0699076163942955,0.376769897358528,0.0138700588908511
"775",0.644,0.479040992096547,0.103988487065525,0.467618077780005,0.0190276085365796
"776",0.804,0.397106313266713,0.0739675727198004,0.390156663690654,0.0145225864694503
"777",0.818666666666667,0.385404931794142,0.0653474925653655,0.37982452088651,0.0134752986411948
"778",0.784,0.411673207692671,0.080879519030713,0.403650013419216,0.0154742416355378
"779",0.848,0.359160017773898,0.0706818107248742,0.35213633723318,0.0135124029696278
"780",0.848666666666667,0.358542021180755,0.0777256060849309,0.350015872655957,0.014230230880048
"781",0.748,0.434266916886425,0.0677329690921697,0.428952211790544,0.0146431475000248
"782",0.81,0.392453761159867,0.0774450284156695,0.384736562107401,0.0147863494483107
"783",0.765333333333333,0.423938985042127,0.0793853942254275,0.416439938313104,0.0155452768113452
"784",0.826666666666667,0.378702882238666,0.0796819072889596,0.370225156717729,0.0147770736196956
"785",0.748,0.434321218264686,0.0833428565987017,0.426249796350554,0.0161259592225257
"786",0.868666666666667,0.337852360783634,0.0544650338226008,0.333433318337832,0.0115519399541575
"787",0.848666666666667,0.358459794169836,0.0556185583801053,0.354118624192515,0.0120610314950929
"788",0.83,0.375720019269427,0.0572419775246253,0.371333931776897,0.0125482590722586
"789",0.84,0.366782912927278,0.0805311167870846,0.357832984008524,0.0146652029778815
"790",0.852666666666667,0.354550592227653,0.0632061020619725,0.348871195588158,0.0126901917833463
"791",0.870666666666667,0.335653152150777,0.0532993088747932,0.331394360576975,0.0114031198075539
"792",0.84,0.366708717440303,0.0613528510796435,0.3615399163455,0.0127445748243227
"793",0.765333333333333,0.423947543069159,0.0816385485399499,0.416012820315272,0.0157694270641635
"794",0.823333333333333,0.381515060641908,0.0700663760455341,0.375025925029783,0.0138545625700001
"795",0.810666666666667,0.392038685674972,0.102007069249492,0.37853518844209,0.0174251189225021
"796",0.85,0.35722919591307,0.0750661084306402,0.349253171464165,0.01392899605919
"797",0.830666666666667,0.375151065566213,0.0627560514648974,0.369864840178139,0.0130371177761535
"798",0.833333333333333,0.372798450650289,0.067005939426049,0.366727267719335,0.0133960881464182
"799",0.844666666666667,0.362325569887228,0.0612085391164581,0.357118094379623,0.0126472102630439
"800",0.839333333333333,0.367346308893388,0.0672390395185278,0.361140169770994,0.0133180297662842
"801",0.84,0.366729741018977,0.0673435029701474,0.360493488922554,0.0133169059801007
"802",0.854,0.353215228624738,0.0620474545917493,0.347722750350205,0.0125540885704105
"803",0.81,0.392471094592586,0.0817190585796691,0.383869190682914,0.0152248851470211
"804",0.819333333333333,0.384866793812602,0.0693638080592518,0.378564540218852,0.0138480142298582
"805",0.749333333333333,0.433497614071745,0.0660653150324748,0.428433840348257,0.0144797405839046
"806",0.81,0.392446827572418,0.0756678503908129,0.385082963644055,0.0146072492590011
"807",0.778666666666667,0.415317816724601,0.0848528137423857,0.406557362359715,0.0159434184726047
"808",0.820666666666667,0.383807160574078,0.08217287236297,0.3749073959734,0.0151245271910008
"809",0.844666666666667,0.362311801173853,0.056987885095159,0.357801931551832,0.0122597116238731
"810",0.766666666666667,0.423091955396328,0.0767834071266529,0.416066234043465,0.0152748564512716
"811",0.847333333333333,0.359776952822597,0.0632061020619725,0.35418137224372,0.0127878792763694
"812",0.828666666666667,0.376935970190671,0.0715902931131533,0.370075067460043,0.0139214620304136
"813",0.771333333333333,0.42014466788252,0.0846521493794329,0.411528316833187,0.0160069807145152
"814",0.894666666666667,0.307070127970898,0.0518850989404809,0.302654919008431,0.01071951195288
"815",0.812666666666667,0.390298449674853,0.0683096856377442,0.384274207652123,0.0138480578957121
"816",0.826666666666667,0.378669349420409,0.0712696645099798,0.371902018159503,0.0139210168089371
"817",0.871333333333333,0.334947113976218,0.0624554262823403,0.329072771418252,0.0122558638224635
"818",0.832,0.373996010504144,0.0696476392334561,0.367453700787218,0.0136759163433639
"819",0.814666666666667,0.388718459577528,0.0765349356299598,0.381109491412172,0.0146281084582823
"820",0.821333333333333,0.383215894462518,0.0740043511621425,0.376002364058762,0.0142753189691315
"821",0.868,0.338584488395899,0.0563275165052238,0.333866240681304,0.0117374142563018
"822",0.584,0.493074026353906,0.0943386095012555,0.483965104343508,0.0182795955371216
"823",0.807333333333333,0.394526036721017,0.0723088613419644,0.387843038125248,0.0143126835377895
"824",0.843333333333333,0.363606275811521,0.066068747264341,0.35755341481301,0.0131351138910638
"825",0.874,0.331953607118392,0.0588206081707613,0.326700678501489,0.01184706016137
"826",0.850666666666667,0.356546804196541,0.0680935730732171,0.349984126624178,0.0132058302706346
"827",0.83,0.375744159594514,0.0646813224152673,0.370135110466435,0.0132290136715134
"828",0.827333333333333,0.378131220550021,0.0807251713406782,0.369413950287028,0.0148764526530156
"829",0.820666666666667,0.383717346842143,0.0574949470322424,0.379385468004948,0.0127306297660549
"830",0.849333333333333,0.357826646991322,0.0606988775966788,0.352640830811685,0.0125136237171187
"831",0.818,0.385985795093039,0.0738356328629484,0.378857932915933,0.0143081411264472
"832",0.723333333333333,0.44747616767256,0.0750661084306403,0.441134900002256,0.0155702198453248
"833",0.801333333333333,0.399123756800607,0.0712569366476567,0.392711372667284,0.0142956579150097
"834",0.818666666666667,0.38543552537057,0.0738202757145756,0.378300292242963,0.014296715340907
"835",0.758666666666667,0.428022929430088,0.0748573851928708,0.42142615011411,0.0151813228131898
"836",0.840666666666667,0.366084881673047,0.0599659767480439,0.361140169770994,0.0126042260966347
"837",0.756666666666667,0.429253425614008,0.0825473134445701,0.421241551184643,0.0159554841805136
"838",0.860666666666667,0.346376121049878,0.0533205767056842,0.342247473815853,0.0116168225816453
"839",0.832,0.373979033450162,0.0649297544726069,0.368299395118217,0.0132191939976343
"840",0.871333333333333,0.334907845990688,0.0508476895084199,0.331025343104992,0.0111696733353642
"841",0.843333333333333,0.363653668934751,0.0780284267055902,0.355183833465933,0.0143482546390387
"842",0.754,0.430780549800206,0.0662880404627413,0.42564982999853,0.0144453200502095
"843",0.835333333333333,0.371014421121703,0.0707619688521148,0.364203850123038,0.0137322523406098
"844",0.796666666666667,0.402566595665336,0.0595714095390324,0.398134538957764,0.0132909416808372
"845",0.814,0.389240786689519,0.0722461150082608,0.382477305063828,0.0142097131780224
"846",0.863333333333333,0.343635360187183,0.0694160939862536,0.336551135292494,0.0131104154471656
"847",0.836666666666667,0.369776545872708,0.0629040229220138,0.364386851817924,0.0129482369654708
"848",0.851333333333333,0.355854182982981,0.0580132129761712,0.351093529798922,0.0122265463387724
"849",0.793333333333333,0.405051996886086,0.0746875578159911,0.398106630048896,0.0147385170593788
"850",0.852,0.355218944970863,0.0649995639266726,0.349221356098901,0.0128764346741191
"851",0.77,0.421003013546181,0.0847164136888438,0.412391399845664,0.0160285742579858
"852",0.844,0.362985853937492,0.0688222924386273,0.356401770789964,0.0133944630430503
"853",0.869333333333333,0.337136131221583,0.0582589418749605,0.332064250810994,0.011890887152728
"854",0.84,0.366770548055095,0.0776643163347624,0.358453468233868,0.0143629446804679
"855",0.814,0.389190683027102,0.0571785602748272,0.384967531098403,0.0128135769831082
"856",0.79,0.407469932672027,0.0811621930907586,0.399304951690365,0.0154286204192834
"857",0.85,0.357169522814043,0.0591895375936002,0.352230984819148,0.012360385848427
"858",0.770666666666667,0.420554649423743,0.0795793931780967,0.412956817758629,0.015503112115339
"859",0.831333333333333,0.37457761548533,0.0671445457403335,0.368510515453766,0.0134425121828789
"860",0.809333333333333,0.392933037402159,0.0646076594519872,0.387585116099964,0.013551056835001
"861",0.818,0.386009293415553,0.0797416463256821,0.377682994645568,0.0149087524451545
"862",0.818666666666667,0.385428465530008,0.0719536257810442,0.378652581897678,0.0141114021431591
"863",0.824666666666667,0.38035667709935,0.063105569684221,0.375085175512028,0.0131696184871087
"864",0.833333333333333,0.372828862273587,0.0749905511810649,0.365209224661396,0.0141912005780807
"865",0.834,0.372172636897621,0.0585113900573205,0.367544403968947,0.0125909060272904
"866",0.87,0.336379280586904,0.0505076272276105,0.332565782966318,0.0111693214429794
"867",0.834666666666667,0.37158970863659,0.063517455240126,0.366120805806559,0.0130404104753873
"868",0.833333333333333,0.372799667162854,0.0673435029701474,0.366666666666667,0.0134287965758453
"869",0.844,0.36294961951193,0.0584920096487013,0.358205403520258,0.0124083457638646
"870",0.860666666666667,0.346444198632969,0.0721204585691029,0.33885427874268,0.0134378331226616
"871",0.843333333333333,0.363590060956435,0.0614451804788759,0.358360464089194,0.0126935030191215
"872",0.803333333333333,0.397608497151158,0.0719819831325285,0.391038503361384,0.014337672707053
"873",0.862,0.344995974211616,0.0575422550054402,0.340163359448238,0.0119734273690937
"874",0.818666666666667,0.385400224874524,0.0639444203108363,0.380058475033046,0.0133444398186688
"875",0.86,0.347086349832953,0.0587087047901807,0.3420851096178,0.0121222545418592
"876",0.784,0.41172498141048,0.0931290280901496,0.401054166471867,0.0167538039588013
"877",0.820666666666667,0.383776437189018,0.0746541534704231,0.37644536271697,0.0143505723468363
"878",0.884,0.320358359432136,0.0653752468637353,0.313616892969042,0.0122901923670973
"879",0.823333333333333,0.381480586192434,0.0599508491048294,0.376740405761492,0.0129036548462063
"880",0.837333333333333,0.369152980351635,0.0581810451401953,0.364539283053128,0.012501730794762
"881",0.844,0.362998347728354,0.0720418119964855,0.355777708376702,0.013718077077343
"882",0.863333333333333,0.343564085985625,0.0486786864291925,0.340098025084926,0.0111581092197802
"883",0.819333333333333,0.384917460304369,0.0822280441647832,0.376031913539263,0.0151491152088159
"884",0.846666666666667,0.360426806707267,0.065291948575248,0.354463601014892,0.0130009128117229
"885",0.782,0.412978781443917,0.0614304171003642,0.408384350554447,0.0136623244028123
"886",0.787333333333333,0.409335504880233,0.0761577310586391,0.402188457760234,0.0149611843460682
"887",0.844666666666667,0.362315556329392,0.0581693516328638,0.357615560188436,0.0123665972946083
"888",0.849333333333333,0.357872271010589,0.0729178085430513,0.350364889159224,0.0137177685171991
"889",0.820666666666667,0.383802434059534,0.0810615510380189,0.375144416636225,0.0150080552822812
"890",0.825333333333333,0.37981019248162,0.0698427128278061,0.373333333333333,0.0138013988139415
"891",0.796666666666667,0.402631930744854,0.0786074953296152,0.394883949196892,0.0150843734372849
"892",0.848,0.359146127701642,0.0670600637801293,0.352829829930646,0.0131504234029362
"893",0.782,0.413064428657591,0.0855050355892044,0.404117694627581,0.0159717342920641
"894",0.856666666666667,0.350485248330157,0.0505076272276105,0.346826886052522,0.011454824344173
"895",0.839333333333333,0.367342605164662,0.0662195893494172,0.361324723144647,0.0132188394842038
"896",0.859333333333333,0.347827726014082,0.0723088613419644,0.340228681265345,0.013481164598869
"897",0.805333333333333,0.396084005840352,0.0744929953029569,0.389015852290538,0.0145558584725538
"898",0.786666666666667,0.409780650355645,0.0699854212223765,0.403760104792713,0.0143750013966939
"899",0.867333333333333,0.339341766464313,0.065807387464463,0.332899717966571,0.0126686118568469
"900",0.822,0.382658086134807,0.07456905670375,0.375322083904833,0.0143220806960739
"901",0.855333333333333,0.351894129615784,0.0675485883744673,0.345350063944784,0.0130677980906798
"902",0.836666666666667,0.369815790388758,0.0735402152927643,0.36243006988322,0.0139904837541985
"903",0.757333333333333,0.428853875181866,0.0824896062991714,0.420845709388977,0.0159425461273261
"904",0.822,0.382642678619536,0.0705051420585006,0.376091005535156,0.0139181822602696
"905",0.852,0.355199793671162,0.0595371413641439,0.350174559644504,0.0123548197957084
"906",0.742666666666667,0.437290150514463,0.0740900965286733,0.43096790290384,0.0152842752623337
"907",0.805333333333333,0.396054234816521,0.0661064900536315,0.390498257216199,0.0137499316290474
"908",0.822666666666667,0.382060293706649,0.0647478976448897,0.376533899905145,0.0133553106855356
"909",0.795333333333333,0.403601698541718,0.076193452322826,0.396344406910062,0.0148605104038637
"910",0.789333333333333,0.407914890416039,0.0735987774718539,0.401220360622162,0.014685166646162
"911",0.792666666666667,0.405530922123315,0.0738601976587251,0.398748040747538,0.0146665120585543
"912",0.746,0.435431862671393,0.0764548982990816,0.428667185069671,0.0154729031917789
"913",0.821333333333333,0.383178022367407,0.0634460150474151,0.377888872553824,0.0132554870339772
"914",0.816666666666667,0.38703594845547,0.0610750254208603,0.382186690854962,0.0131141508448299
"915",0.85,0.35713904759873,0.0491423034298816,0.353741902145241,0.0114770005641767
"916",0.836,0.370386817473062,0.0641851064590257,0.364783040541452,0.0130807365593165
"917",0.642666666666667,0.479391148245223,0.0921007040284692,0.470460767050063,0.0178102877350802
"918",0.861333333333333,0.345694607861855,0.0576800149703875,0.340848614164379,0.0119996472611296
"919",0.833333333333333,0.372770469765581,0.0587087047901807,0.368118338460761,0.0126204192126709
"920",0.836666666666667,0.369793715860951,0.0677630927178939,0.363532055746884,0.0134141879514781
"921",0.792,0.405970185337815,0.061559476614066,0.401275743376325,0.0135329055035533
"922",0.823333333333333,0.38151743807532,0.0707106781186548,0.3749073959734,0.0139177477956638
"923",0.824666666666667,0.380398406734052,0.074629850009709,0.37300580871259,0.0142880315580905
"924",0.848,0.359103191354263,0.0543608502584013,0.354964786985977,0.011962526523119
"925",0.787333333333333,0.409329965196983,0.0746541534704231,0.402464629225697,0.0148138461512497
"926",0.829333333333333,0.376326678176665,0.064114410208407,0.37082490627129,0.0131866305780329
"927",0.852666666666667,0.354567220470533,0.0677095303400209,0.348042143042094,0.0131319140087376
"928",0.776666666666667,0.416638094258436,0.0811621930907586,0.408656334834051,0.0155910026964068
"929",0.856,0.351225906203128,0.0691509899454147,0.344351241870532,0.0132169981486141
"930",0.812,0.390897565903752,0.0851196303676355,0.38151743807532,0.015554551311931
"931",0.754,0.430896339423762,0.0968646810757631,0.419867704031745,0.0174694377334851
"932",0.788666666666667,0.408392679291471,0.0751747774558255,0.401414166831881,0.0148474632692888
"933",0.816,0.387580435657308,0.0610713125405006,0.382738669184195,0.0131245328895031
"934",0.82,0.384311381688388,0.0690065559342354,0.378065250100209,0.01380315123901
"935",0.816666666666667,0.387065241443593,0.0697419929327467,0.380730292405996,0.0139253706809429
"936",0.798,0.40162255946611,0.0723464830205462,0.395052739095259,0.0144473082805514
"937",0.828666666666667,0.376885434031998,0.0567486401886892,0.372588542795162,0.0125282206004466
"938",0.784,0.411629139824715,0.0687563643724954,0.405846166805985,0.0142953195222029
"939",0.814666666666667,0.388686957615519,0.0680669271817358,0.382680603695098,0.0137946279815334
"940",0.816,0.3876284075154,0.0747603882163443,0.380350715349224,0.014430064357778
"941",0.812,0.390859277818359,0.0758205304285529,0.383434769187957,0.0145941725186513
"942",0.776666666666667,0.416623943387897,0.0774450284156695,0.409362648244534,0.0152208136130956
"943",0.854666666666667,0.352591957417316,0.0740043511621425,0.344738225969277,0.0137390869219255
"944",0.774666666666667,0.417903199198363,0.0651389583907109,0.412795348811006,0.0140876427412302
"945",0.803333333333333,0.397606215932103,0.0713491622084367,0.391152144312159,0.0142763461346703
"946",0.77,0.420958845026861,0.0729209182433979,0.414594849086296,0.0148641111050005
"947",0.834,0.372221376111672,0.0723715532744462,0.365117941371156,0.0139149886288561
"948",0.829333333333333,0.376312216588489,0.0597196777393939,0.371543327815807,0.0127811747431748
"949",0.822666666666667,0.382038926677111,0.0581030439720748,0.377594726893501,0.012750338278974
"950",0.811333333333333,0.391369477638728,0.0701827869407196,0.385025251697138,0.0140478504150976
"951",0.814666666666667,0.388695125036007,0.0703602650181481,0.382273898315505,0.0140154757354398
"952",0.833333333333333,0.372832511501684,0.0758922735738535,0.365026635253435,0.0142836400610559
"953",0.830666666666667,0.375182495276505,0.0715364265074816,0.368299395118217,0.0138844818404878
"954",0.805333333333333,0.396168726509231,0.0943674489403053,0.384765440813549,0.01663732564706
"955",0.858,0.349240835237995,0.0815968742454104,0.339574897645735,0.0144925867879582
"956",0.828666666666667,0.376943189088825,0.0734661752887996,0.369714604646461,0.0141092701497001
"957",0.769333333333333,0.42138202594722,0.071852709005181,0.415210789840534,0.0147712412870753
"958",0.799333333333333,0.400634417527921,0.0736141808284764,0.393813266522204,0.0145524412032327
"959",0.855333333333333,0.351887685647932,0.0658487237671977,0.345671648951558,0.0128988506346354
"960",0.784,0.411658886153029,0.0771487358136329,0.404365071576553,0.0151011905543981
"961",0.842666666666667,0.364235601906438,0.0663393324467352,0.358143360495021,0.0131730502048949
"962",0.758666666666667,0.428028227182865,0.0763569609631522,0.421162412588989,0.0153251284367348
"963",0.702666666666667,0.457262881069116,0.0903106254562263,0.448255879307046,0.0172358851516669
"964",0.848666666666667,0.358457263808845,0.0547970901456945,0.354244109180222,0.0119880641067675
"965",0.572666666666667,0.494878074266806,0.0961126512138543,0.485455112926691,0.0184895631527149
"966",0.788666666666667,0.408400452626115,0.0772574105377161,0.401026460750687,0.0150528722998197
"967",0.816,0.387580435657308,0.0610713125405006,0.382738669184195,0.0131245328895031
"968",0.858,0.349178498167866,0.0669416099173152,0.342701684332663,0.0129583902959718
"969",0.768666666666667,0.421854237542337,0.0844912747578357,0.413306450738701,0.016020517834501
"970",0.839333333333333,0.367320382008062,0.0597386598694112,0.36243006988322,0.0126073200970799
"971",0.832666666666667,0.373407427049816,0.0707876002824047,0.366636362384069,0.0137779716173915
"972",0.824666666666667,0.380435363445142,0.0835195198985341,0.371154355431208,0.0152101032579884
"973",0.800666666666667,0.39963021456094,0.0723715532744463,0.393022476032436,0.0144128627359348
"974",0.856,0.351222032480557,0.0681601422288872,0.344544788251268,0.0131170438938803
"975",0.865333333333333,0.341517222999722,0.0715744542021179,0.333932794303152,0.0132965706340907
"976",0.810666666666667,0.391890585868705,0.0678266431038661,0.38597639536347,0.0138321216309467
"977",0.787333333333333,0.409408621674158,0.0937720495612182,0.398525058462102,0.0167852741133326
"978",0.810666666666667,0.391901000965579,0.0707715817263211,0.3854578806793,0.0141146798565451
"979",0.861333333333333,0.345751014709047,0.0726436336210472,0.338033528908992,0.0134803459855879
"980",0.853333333333333,0.353905325746642,0.0683461909257492,0.347243110482811,0.0131836725333408
"981",0.852,0.355238095238095,0.0700372430889533,0.348265543642906,0.0133777265501012
"982",0.834666666666667,0.3716458460963,0.0782344867730013,0.363318042491699,0.0145056092051557
"983",0.754666666666667,0.430454066013838,0.0853856132369254,0.42190046219458,0.0162628633894398
"984",0.832666666666667,0.373430502417859,0.0766326455127098,0.365482937738245,0.0143702156914009
"985",0.832666666666667,0.373386779459088,0.0651145859009497,0.367665306736681,0.0132256079051045
"986",0.821333333333333,0.383211160655315,0.0727683866472117,0.376238694920599,0.0141518596755032
"987",0.838666666666667,0.367969238584175,0.0694520177276363,0.361355472876471,0.0135470848222284
"988",0.789333333333333,0.407930455146251,0.0777926775491891,0.400444197804832,0.0150976063436939
"989",0.799333333333333,0.400616305255142,0.0685085690719138,0.394715087119811,0.0140618330025744
"990",0.822666666666667,0.382063854762062,0.0657901563396973,0.376356804700598,0.0134534948267603
"991",0.825333333333333,0.379792281215335,0.0647899099112189,0.374225125351632,0.0133160659163673
"992",0.814666666666667,0.388674122750853,0.0642980587794981,0.383318840305735,0.0134402515903457
"993",0.842666666666667,0.364204472733633,0.0571587279547568,0.359691225605766,0.0123123618968892
"994",0.838666666666667,0.367949518375228,0.0640153042925945,0.362338086445365,0.0130186446913415
"995",0.783333333333333,0.41208171261108,0.0667516465184581,0.406639343344389,0.0141192309739426
"996",0.798666666666667,0.401171753131005,0.0838311660368205,0.39231506612812,0.0155936107232824
"997",0.755333333333333,0.430052467399681,0.083736439996097,0.421821447218291,0.0160890661595576
"998",0.842666666666667,0.364245562679867,0.0690196987885464,0.357646628826711,0.0134368318621358
"999",0.802666666666667,0.398162445910376,0.0837987005998436,0.3892442820532,0.0155387210494253
"1000",0.839333333333333,0.367309269925553,0.0562187176809208,0.362981481009094,0.0122901554665016
